{"type":"FeatureCollection","source":"Natural Earth 1:10m admin-1 and marine areas (public domain), clipped to 40\u201352\u00b0N, 73\u201355\u00b0W","features":[{"type":"Feature","properties":{"code":"QC","kind":"land"},"geometry":{"type":"MultiPolygon","coordinates":[[[[-73.0,46.1025],[-72.9984,46.1034],[-72.9785,46.1158],[-72.9549,46.1307],[-72.9326,46.1444],[-72.9094,46.1356],[-72.876,46.1366],[-72.8437,46.1419],[-72.7583,46.1725],[-72.731,46.1766],[-72.6694,46.2152],[-72.6694,46.23],[-72.6706,46.2474],[-72.6521,46.2586],[-72.6099,46.2766],[-72.5563,46.3057],[-72.496,46.3605],[-72.4778,46.3685],[-72.4549,46.3717],[-72.3981,46.3964],[-72.2743,46.4206],[-72.2416,46.4435],[-72.2161,46.4796],[-72.2047,46.5006],[-72.2,46.5159],[-72.1899,46.5262],[-72.1024,46.5602],[-72.0576,46.566],[-72.0324,46.5665],[-72.0074,46.5714],[-71.9915,46.5836],[-71.9781,46.5994],[-71.9604,46.6149],[-71.905,46.64],[-71.8671,46.6667],[-71.8457,46.6683],[-71.8243,46.6614],[-71.8027,46.6496],[-71.7606,46.6342],[-71.7142,46.6322],[-71.3025,46.7452],[-71.3026,46.7452],[-71.2821,46.7533],[-71.2437,46.7755],[-71.2237,46.7799],[-71.2051,46.787],[-71.1763,46.824],[-71.1579,46.8408],[-71.1153,46.8534],[-71.0191,46.8515],[-70.9736,46.8619],[-70.9197,46.8976],[-70.9019,46.9029],[-70.8896,46.9017],[-70.8671,46.8966],[-70.8569,46.8954],[-70.8442,46.8983],[-70.8258,46.9117],[-70.8153,46.9165],[-70.8055,46.9169],[-70.7836,46.9147],[-70.7743,46.9165],[-70.7653,46.9228],[-70.744,46.9469],[-70.7272,46.9564],[-70.6003,46.9971],[-70.555,47.0023],[-70.5349,47.0106],[-70.3882,47.1159],[-70.2866,47.2091],[-70.2263,47.2864],[-70.1949,47.3153],[-70.0761,47.369],[-70.0504,47.4],[-70.0311,47.4696],[-70.0004,47.4994],[-69.9903,47.5036],[-69.9696,47.5087],[-69.9594,47.5124],[-69.9493,47.5203],[-69.9423,47.5295],[-69.9342,47.5372],[-69.9007,47.5456],[-69.8022,47.6224],[-69.6897,47.7283],[-69.5888,47.814],[-69.5619,47.8281],[-69.5553,47.8345],[-69.5502,47.8439],[-69.5507,47.8496],[-69.5536,47.8572],[-69.5553,47.8724],[-69.548,47.8896],[-69.4455,47.9919],[-69.4281,47.999],[-69.4084,48.001],[-69.3613,48.013],[-69.3424,48.0201],[-69.324,48.0306],[-69.2537,48.0924],[-69.1523,48.1467],[-69.0544,48.2324],[-68.9647,48.2878],[-68.8446,48.3427],[-68.8248,48.3658],[-68.8061,48.3724],[-68.7484,48.3729],[-68.7261,48.3764],[-68.6617,48.4123],[-68.6504,48.4208],[-68.6385,48.432],[-68.5616,48.4515],[-68.5233,48.4708],[-68.4633,48.5289],[-68.425,48.5471],[-68.3768,48.5505],[-68.3536,48.556],[-68.3139,48.587],[-68.2056,48.6419],[-68.1843,48.6479],[-68.1327,48.6525],[-68.1157,48.6595],[-68.0824,48.6849],[-68.0603,48.6938],[-68.0336,48.6978],[-67.9822,48.6986],[-67.962,48.7016],[-67.7181,48.7961],[-67.7119,48.801],[-67.6713,48.8179],[-67.6469,48.8254],[-67.6033,48.8324],[-67.5468,48.8624],[-67.4252,48.8736],[-67.3618,48.904],[-67.2924,48.9245],[-67.1175,48.9631],[-66.8796,49.0465],[-66.6221,49.1226],[-66.5265,49.1334],[-66.2193,49.2079],[-66.0549,49.2247],[-65.8828,49.2247],[-65.6842,49.2425],[-65.6151,49.2602],[-65.5658,49.2665],[-65.3962,49.2611],[-65.277,49.2445],[-65.1911,49.237],[-64.9635,49.2193],[-64.8778,49.1954],[-64.8226,49.189],[-64.8014,49.1812],[-64.7587,49.1572],[-64.7134,49.1389],[-64.6886,49.1324],[-64.6134,49.123],[-64.6027,49.1188],[-64.5795,49.1055],[-64.5526,49.0974],[-64.4979,49.0616],[-64.4863,49.0574],[-64.4783,49.056],[-64.4706,49.053],[-64.4488,49.0346],[-64.4388,49.0291],[-64.3965,49.0118],[-64.3802,49.0016],[-64.3505,48.9757],[-64.3401,48.9702],[-64.3109,48.9644],[-64.2987,48.9592],[-64.2952,48.9548],[-64.2866,48.9405],[-64.2816,48.9344],[-64.2212,48.8944],[-64.2065,48.8696],[-64.2168,48.8282],[-64.192,48.7996],[-64.1749,48.7845],[-64.1553,48.7742],[-64.1688,48.7618],[-64.1901,48.7728],[-64.212,48.7912],[-64.2274,48.801],[-64.2531,48.8063],[-64.3033,48.8303],[-64.5297,48.8824],[-64.5594,48.8829],[-64.5376,48.8763],[-64.4774,48.8419],[-64.4774,48.8357],[-64.5392,48.83],[-64.5389,48.8214],[-64.5216,48.817],[-64.4601,48.8282],[-64.4184,48.8264],[-64.3972,48.8214],[-64.3881,48.8111],[-64.3839,48.8081],[-64.3766,48.8],[-64.3741,48.7917],[-64.3844,48.7879],[-64.4079,48.7927],[-64.4183,48.7912],[-64.4291,48.7805],[-64.4174,48.7746],[-64.4079,48.7758],[-64.3988,48.7794],[-64.3881,48.7805],[-64.3763,48.7762],[-64.3537,48.7629],[-64.328,48.7558],[-64.2782,48.7258],[-64.2354,48.6781],[-64.2205,48.6706],[-64.2052,48.667],[-64.1897,48.6576],[-64.175,48.6445],[-64.1622,48.6296],[-64.1931,48.623],[-64.2272,48.6251],[-64.2577,48.6192],[-64.2782,48.5887],[-64.2821,48.569],[-64.2789,48.5613],[-64.2509,48.5508],[-64.2215,48.5337],[-64.2065,48.528],[-64.1888,48.5266],[-64.1995,48.5207],[-64.2065,48.5133],[-64.2125,48.5048],[-64.2205,48.4958],[-64.2289,48.4921],[-64.2646,48.4863],[-64.286,48.4792],[-64.3055,48.4694],[-64.3199,48.4559],[-64.326,48.4378],[-64.3124,48.4316],[-64.3291,48.4196],[-64.3596,48.413],[-64.4445,48.4068],[-64.4962,48.3937],[-64.5452,48.3875],[-64.6626,48.3502],[-64.6832,48.3403],[-64.711,48.3393],[-64.7233,48.3354],[-64.712,48.3292],[-64.7047,48.3237],[-64.7018,48.3171],[-64.704,48.3075],[-64.7078,48.3017],[-64.7142,48.2949],[-64.7212,48.2894],[-64.727,48.2871],[-64.7313,48.284],[-64.7378,48.2688],[-64.7569,48.2397],[-64.7657,48.219],[-64.7794,48.204],[-64.9088,48.1772],[-64.9245,48.1763],[-64.9385,48.1773],[-64.9505,48.1809],[-64.9604,48.1877],[-64.9637,48.1859],[-64.9635,48.175],[-64.9591,48.161],[-64.9498,48.1498],[-64.9879,48.126],[-65.0516,48.1016],[-65.181,48.0428],[-65.2856,48.0126],[-65.3849,48.0093],[-65.4044,48.0015],[-65.4322,48.0033],[-65.4594,48.0108],[-65.4774,48.0201],[-65.4815,48.0261],[-65.4872,48.0413],[-65.4917,48.0468],[-65.5034,48.0521],[-65.536,48.0599],[-65.5772,48.064],[-65.6676,48.0958],[-65.7838,48.1156],[-65.82,48.13],[-65.8587,48.1594],[-65.8905,48.1706],[-65.893,48.1877],[-65.891,48.2082],[-65.8957,48.2255],[-65.9044,48.2088],[-65.913,48.2008],[-65.9241,48.1983],[-65.9404,48.1982],[-65.953,48.1954],[-65.964,48.1883],[-66.046,48.1152],[-66.067,48.102],[-66.0956,48.0972],[-66.1831,48.1157],[-66.2706,48.1165],[-66.2869,48.1145],[-66.2998,48.1082],[-66.2921,48.1054],[-66.2843,48.1034],[-66.265,48.102],[-66.2747,48.0731],[-66.2794,48.0673],[-66.29,48.0652],[-66.2961,48.0694],[-66.3006,48.0761],[-66.3066,48.0815],[-66.3126,48.082],[-66.3196,48.081],[-66.3253,48.0812],[-66.3277,48.0853],[-66.3291,48.0899],[-66.3326,48.0948],[-66.3371,48.0992],[-66.3414,48.102],[-66.3761,48.1142],[-66.4733,48.1201],[-66.5154,48.1081],[-66.5332,48.071],[-66.5428,48.0587],[-66.5851,48.0613],[-66.6,48.0447],[-66.612,48.0467],[-66.6322,48.0543],[-66.6439,48.0519],[-66.6504,48.0463],[-66.6556,48.0395],[-66.6635,48.0338],[-66.6988,48.024],[-66.7485,48.0178],[-66.773,48.008],[-66.7858,48.0058],[-66.8177,48.0063],[-66.8332,48.0045],[-66.8479,47.999],[-66.843,47.9968],[-66.8436,47.9967],[-66.8677,47.9977],[-66.8942,47.9921],[-66.9191,47.9815],[-66.9385,47.9678],[-66.9494,47.9486],[-66.9457,47.9321],[-66.9392,47.9171],[-66.9419,47.9023],[-66.9616,47.8945],[-66.9874,47.9034],[-67.0123,47.9179],[-67.0297,47.927],[-67.0504,47.9291],[-67.0731,47.9266],[-67.0952,47.921],[-67.1138,47.9134],[-67.1245,47.9074],[-67.1339,47.9017],[-67.1441,47.8964],[-67.1576,47.8916],[-67.1733,47.8875],[-67.188,47.885],[-67.2029,47.8853],[-67.2187,47.8894],[-67.2342,47.8937],[-67.246,47.8941],[-67.2577,47.8924],[-67.2727,47.8909],[-67.2884,47.8926],[-67.3044,47.8958],[-67.3199,47.8961],[-67.3336,47.8889],[-67.3438,47.8698],[-67.3509,47.8496],[-67.3637,47.8393],[-67.3913,47.8499],[-67.3962,47.8557],[-67.3989,47.8633],[-67.4017,47.871],[-67.4071,47.8771],[-67.4149,47.8813],[-67.4229,47.8841],[-67.4314,47.8863],[-67.4398,47.8884],[-67.4545,47.8933],[-67.4686,47.8996],[-67.4827,47.9061],[-67.4971,47.9119],[-67.5212,47.9198],[-67.5439,47.9257],[-67.5669,47.9304],[-67.5916,47.9343],[-67.606,47.9381],[-67.6089,47.9433],[-67.6068,47.9509],[-67.6058,47.9618],[-67.607,47.9688],[-67.6092,47.9809],[-67.6115,47.9924],[-67.6128,47.9975],[-67.6281,47.9975],[-67.6888,47.9975],[-67.7494,47.9975],[-67.8101,47.9975],[-67.8708,47.9975],[-67.9314,47.9975],[-67.9921,47.9975],[-68.0528,47.9975],[-68.1135,47.9975],[-68.1135,47.9889],[-68.1135,47.9802],[-68.1135,47.9716],[-68.1135,47.963],[-68.1135,47.9543],[-68.1135,47.9457],[-68.1135,47.937],[-68.1135,47.9283],[-68.1465,47.9283],[-68.1796,47.9283],[-68.2126,47.9283],[-68.2457,47.9283],[-68.2787,47.9283],[-68.3118,47.9283],[-68.3448,47.9283],[-68.3779,47.9283],[-68.3779,47.8909],[-68.3779,47.8536],[-68.3779,47.8162],[-68.3779,47.7788],[-68.3779,47.7414],[-68.3779,47.704],[-68.3779,47.6666],[-68.3779,47.6292],[-68.3779,47.6081],[-68.3792,47.5879],[-68.3868,47.5583],[-68.4081,47.5363],[-68.4363,47.5184],[-68.465,47.501],[-68.493,47.4801],[-68.5223,47.4574],[-68.5527,47.4369],[-68.5838,47.4222],[-68.6291,47.4073],[-68.6743,47.3924],[-68.7194,47.3776],[-68.7646,47.3626],[-68.8364,47.3438],[-68.91,47.3299],[-68.9833,47.3152],[-69.0544,47.2942],[-69.0636,47.2908],[-69.0651,47.2963],[-69.0662,47.3297],[-69.0543,47.3893],[-69.054,47.4184],[-69.0697,47.4319],[-69.222,47.4597],[-69.2373,47.4588],[-69.2509,47.4529],[-69.2676,47.4398],[-69.3579,47.3501],[-69.4482,47.2603],[-69.5385,47.1706],[-69.6288,47.0808],[-69.7191,46.9911],[-69.8094,46.9013],[-69.8997,46.8116],[-69.99,46.7217],[-70.0078,46.7041],[-70.0236,46.6613],[-70.0327,46.6098],[-70.0501,46.5113],[-70.0618,46.4454],[-70.0743,46.4195],[-70.1531,46.3728],[-70.1674,46.3682],[-70.1884,46.3584],[-70.197,46.3369],[-70.1995,46.3153],[-70.2019,46.3055],[-70.2237,46.3008],[-70.2362,46.2883],[-70.2534,46.2515],[-70.2809,46.2119],[-70.2848,46.1919],[-70.2633,46.1832],[-70.2492,46.1628],[-70.244,46.141],[-70.2495,46.1206],[-70.2644,46.1066],[-70.3003,46.0893],[-70.3126,46.0796],[-70.3114,46.0719],[-70.3048,46.066],[-70.3008,46.0617],[-70.2961,46.0579],[-70.293,46.054],[-70.292,46.0487],[-70.2943,46.0449],[-70.3036,46.0385],[-70.3061,46.0353],[-70.3169,45.999],[-70.3163,45.983],[-70.3039,45.9686],[-70.2804,45.9593],[-70.2631,45.9568],[-70.2559,45.9489],[-70.2625,45.923],[-70.2832,45.8905],[-70.3127,45.8676],[-70.3898,45.8251],[-70.4099,45.8107],[-70.4152,45.8044],[-70.4172,45.7938],[-70.4137,45.7877],[-70.4083,45.7817],[-70.4039,45.7712],[-70.4024,45.7497],[-70.4074,45.7315],[-70.4193,45.7169],[-70.4391,45.7059],[-70.4504,45.7037],[-70.4728,45.7036],[-70.4848,45.6996],[-70.5147,45.6817],[-70.5724,45.6623],[-70.5896,45.6518],[-70.6868,45.5727],[-70.7303,45.508],[-70.732,45.4916],[-70.7228,45.4709],[-70.7074,45.4564],[-70.6682,45.439],[-70.6503,45.4275],[-70.6413,45.4085],[-70.6536,45.3955],[-70.6758,45.3887],[-70.6967,45.3887],[-70.718,45.3973],[-70.7525,45.4223],[-70.7719,45.43],[-70.7949,45.4304],[-70.813,45.4234],[-70.826,45.4105],[-70.8338,45.3931],[-70.8355,45.3731],[-70.8321,45.3286],[-70.8353,45.3098],[-70.8424,45.3012],[-70.8626,45.2904],[-70.8702,45.2831],[-70.8725,45.2742],[-70.8706,45.2553],[-70.8744,45.2457],[-70.8924,45.2346],[-70.9069,45.2462],[-70.9516,45.332],[-70.9681,45.3445],[-70.9932,45.3478],[-71.0165,45.3431],[-71.0276,45.3347],[-71.0367,45.3234],[-71.0544,45.3104],[-71.0642,45.3071],[-71.085,45.3043],[-71.0856,45.3042],[-71.0952,45.3009],[-71.111,45.2871],[-71.1417,45.2523],[-71.1603,45.2458],[-71.1851,45.2486],[-71.2094,45.2548],[-71.2934,45.2923],[-71.3115,45.2941],[-71.3343,45.2887],[-71.3521,45.2783],[-71.3812,45.2508],[-71.3949,45.2415],[-71.4388,45.2335],[-71.449,45.2269],[-71.4227,45.2172],[-71.4066,45.2049],[-71.413,45.1862],[-71.4416,45.1507],[-71.446,45.1403],[-71.4512,45.1217],[-71.4566,45.111],[-71.4973,45.0666],[-71.5048,45.053],[-71.5066,45.037],[-71.5041,45.0137],[-71.5058,45.0137],[-71.6038,45.0133],[-71.7036,45.0128],[-71.8033,45.0122],[-71.9031,45.0118],[-72.0028,45.0113],[-72.1025,45.0108],[-72.2022,45.0103],[-72.302,45.0098],[-72.4018,45.0093],[-72.5015,45.0088],[-72.6013,45.0083],[-72.701,45.0078],[-72.8007,45.0073],[-72.9005,45.0069],[-73.0,45.0064],[-73.0,46.1025]]],[[[-73.0,52.0],[-65.6687,52.0],[-65.6619,51.9876],[-65.6495,52.0],[-65.4301,52.0],[-65.4143,51.9842],[-65.3936,51.9773],[-65.3764,51.9842],[-65.3592,51.9498],[-65.373,51.9188],[-65.3936,51.8982],[-65.3592,51.85],[-65.3386,51.8191],[-65.318,51.8535],[-65.2767,51.8672],[-65.2526,51.8466],[-65.2217,51.826],[-65.1838,51.8225],[-65.177,51.7916],[-65.1838,51.7744],[-65.1322,51.7572],[-65.0806,51.7503],[-65.0325,51.7606],[-64.9912,51.7365],[-64.9568,51.7228],[-64.9224,51.7297],[-64.919,51.7606],[-64.8571,51.7744],[-64.7711,51.764],[-64.7086,51.7328],[-64.6886,51.7228],[-64.6542,51.6918],[-64.616,51.6519],[-64.6026,51.6379],[-64.5785,51.6127],[-64.5399,51.5962],[-64.5304,51.5921],[-64.5284,51.5927],[-64.5006,51.602],[-64.4788,51.6093],[-64.4375,51.6402],[-64.4065,51.654],[-64.3446,51.6677],[-64.324,51.6953],[-64.3192,51.7001],[-64.318,51.7012],[-64.2793,51.74],[-64.2874,51.7664],[-64.293,51.7847],[-64.3343,51.8191],[-64.3376,51.8711],[-64.3377,51.8741],[-64.3618,51.967],[-64.344,52.0],[-64.3202,52.0],[-64.3068,51.991],[-64.2994,51.9853],[-64.2758,51.967],[-64.2346,51.9807],[-64.2453,52.0],[-63.7392,52.0],[-63.7387,51.9998],[-63.7057,51.9998],[-63.6726,51.9998],[-63.6396,51.9998],[-63.6065,51.9998],[-63.3957,51.9998],[-63.2981,51.9998],[-63.2005,51.9998],[-62.9975,51.9998],[-62.7944,51.9998],[-62.5914,51.9998],[-62.3884,51.9998],[-62.1854,51.9998],[-61.9824,51.9999],[-61.678,51.9999],[-61.3737,51.9999],[-61.0694,51.9999],[-60.7651,51.9999],[-60.4608,51.9999],[-60.1565,51.9999],[-59.8522,51.9999],[-59.5479,51.9999],[-59.2993,51.9999],[-59.0508,52.0],[-58.8022,52.0],[-58.5536,52.0],[-58.3051,52.0],[-58.0566,52.0],[-57.9345,52.0],[-57.8842,52.0],[-57.101,52.0],[-57.101,51.9356],[-57.101,51.8897],[-57.101,51.8653],[-57.101,51.7916],[-57.1009,51.7178],[-57.1009,51.644],[-57.1009,51.6016],[-57.1009,51.537],[-57.1009,51.4836],[-57.1009,51.4401],[-57.1009,51.4192],[-57.1003,51.419],[-57.1395,51.4251],[-57.162,51.4249],[-57.172,51.4156],[-57.1898,51.4188],[-57.2242,51.4398],[-57.2463,51.4683],[-57.2272,51.4941],[-57.25,51.5083],[-57.2811,51.5068],[-57.3592,51.4923],[-57.3985,51.4804],[-57.4119,51.4814],[-57.4242,51.4846],[-57.4376,51.4857],[-57.4537,51.4804],[-57.442,51.4679],[-57.4412,51.4567],[-57.4497,51.4487],[-57.4662,51.4457],[-57.4716,51.4492],[-57.477,51.4641],[-57.4839,51.4674],[-57.49,51.4655],[-57.4933,51.461],[-57.4962,51.4562],[-57.5009,51.4531],[-57.6034,51.4327],[-57.5975,51.4434],[-57.582,51.4577],[-57.576,51.4674],[-57.5956,51.4655],[-57.6267,51.4446],[-57.6706,51.4349],[-57.6785,51.4344],[-57.6859,51.4395],[-57.6909,51.449],[-57.6923,51.46],[-57.6905,51.471],[-57.6859,51.4804],[-57.7123,51.4726],[-57.7327,51.4704],[-57.7485,51.4631],[-57.7616,51.4395],[-57.7666,51.4172],[-57.7707,51.4083],[-57.7787,51.4047],[-57.792,51.4079],[-57.7993,51.4162],[-57.8006,51.4274],[-57.7958,51.4395],[-57.8135,51.4329],[-57.8418,51.4098],[-57.8769,51.4006],[-57.9261,51.3706],[-57.9686,51.3356],[-57.9777,51.3297],[-58.0402,51.3137],[-58.0496,51.3197],[-58.0597,51.3123],[-58.1247,51.2961],[-58.1337,51.2965],[-58.1471,51.3018],[-58.152,51.3023],[-58.1624,51.2972],[-58.1819,51.2844],[-58.234,51.2769],[-58.2518,51.2803],[-58.2613,51.2961],[-58.2595,51.3169],[-58.2548,51.3292],[-58.2603,51.3349],[-58.2892,51.3364],[-58.2712,51.3276],[-58.2991,51.2912],[-58.2892,51.275],[-58.3333,51.2777],[-58.4123,51.3084],[-58.4537,51.3166],[-58.5709,51.2581],[-58.5902,51.2511],[-58.5959,51.2684],[-58.6087,51.2784],[-58.6227,51.2773],[-58.6318,51.2613],[-58.6283,51.2589],[-58.6217,51.2513],[-58.6166,51.2419],[-58.6182,51.2334],[-58.6274,51.2305],[-58.6411,51.2317],[-58.6537,51.2365],[-58.6591,51.2442],[-58.6635,51.2571],[-58.672,51.2557],[-58.6775,51.2442],[-58.6728,51.2272],[-58.6565,51.2109],[-58.6359,51.2005],[-58.5902,51.1862],[-58.6039,51.1836],[-58.6111,51.174],[-58.6167,51.1618],[-58.6256,51.1515],[-58.6396,51.1463],[-58.6702,51.1418],[-58.683,51.1344],[-58.7041,51.114],[-58.7164,51.1065],[-58.7794,51.0934],[-58.7895,51.0969],[-58.7979,51.0854],[-58.81,51.0776],[-58.8221,51.0777],[-58.8304,51.09],[-58.8409,51.0817],[-58.8468,51.0715],[-58.8509,51.0553],[-58.8428,51.0546],[-58.8363,51.0533],[-58.8322,51.0496],[-58.8304,51.0416],[-58.8481,51.0324],[-58.8646,51.0211],[-58.886,50.9984],[-58.8925,50.9945],[-58.912,50.9982],[-58.9068,51.0133],[-58.8851,51.0416],[-58.8955,51.055],[-58.9133,51.0555],[-58.9327,51.0491],[-58.9477,51.0416],[-58.9547,51.0366],[-58.9656,51.0261],[-58.9744,51.0211],[-58.9823,51.0206],[-58.9901,51.0226],[-58.9984,51.0223],[-59.008,51.015],[-58.9967,51.0041],[-58.9866,51.0029],[-58.9762,51.0059],[-58.9639,51.0081],[-58.9546,51.0031],[-58.9567,50.9916],[-58.9669,50.9696],[-58.9683,50.9653],[-58.9735,50.9586],[-58.9744,50.9535],[-58.9711,50.9483],[-58.9574,50.9441],[-58.954,50.9392],[-58.954,50.9288],[-58.9562,50.9184],[-58.9606,50.9081],[-58.9669,50.8983],[-58.9574,50.8974],[-58.9509,50.8945],[-58.9403,50.8846],[-58.9675,50.877],[-58.9686,50.8606],[-58.959,50.8424],[-58.954,50.8293],[-58.9613,50.8207],[-58.9729,50.8162],[-58.9835,50.8105],[-58.9881,50.7987],[-58.9933,50.7908],[-59.0053,50.7856],[-59.0297,50.781],[-59.0254,50.7736],[-59.0216,50.7683],[-59.0163,50.7644],[-59.008,50.7611],[-59.0378,50.7524],[-59.067,50.7624],[-59.0891,50.7844],[-59.098,50.812],[-59.0933,50.8257],[-59.0707,50.8507],[-59.0632,50.8635],[-59.0623,50.8755],[-59.0657,50.888],[-59.0738,50.8944],[-59.0878,50.8877],[-59.0983,50.8716],[-59.1122,50.8264],[-59.1253,50.8021],[-59.186,50.758],[-59.1867,50.7474],[-59.2028,50.7319],[-59.2206,50.7404],[-59.2384,50.7558],[-59.255,50.7611],[-59.2623,50.7547],[-59.2616,50.7462],[-59.2595,50.7366],[-59.2624,50.7269],[-59.2706,50.7187],[-59.2767,50.7165],[-59.284,50.7161],[-59.296,50.7133],[-59.3175,50.7016],[-59.3444,50.6751],[-59.3649,50.6649],[-59.3787,50.6638],[-59.4099,50.6666],[-59.4195,50.6649],[-59.4252,50.658],[-59.4241,50.6522],[-59.4173,50.6475],[-59.4058,50.6444],[-59.4156,50.6319],[-59.4274,50.6302],[-59.4396,50.6312],[-59.4508,50.627],[-59.4581,50.617],[-59.4684,50.5925],[-59.4513,50.5843],[-59.4232,50.5844],[-59.4105,50.5724],[-59.4119,50.5545],[-59.424,50.54],[-59.4541,50.5337],[-59.496,50.5374],[-59.5101,50.5463],[-59.5203,50.5425],[-59.5255,50.5376],[-59.5333,50.5313],[-59.5442,50.5273],[-59.5566,50.5202],[-59.5653,50.5091],[-59.5726,50.4956],[-59.5815,50.4841],[-59.5945,50.4793],[-59.6522,50.4737],[-59.6941,50.4611],[-59.7253,50.4571],[-59.735,50.4516],[-59.7439,50.4446],[-59.7558,50.4383],[-59.7681,50.445],[-59.791,50.4404],[-59.8031,50.4457],[-59.8238,50.4305],[-59.8623,50.3911],[-59.8856,50.3769],[-59.8856,50.3707],[-59.8776,50.3699],[-59.8583,50.3638],[-59.8637,50.3519],[-59.8624,50.3405],[-59.8547,50.3319],[-59.8409,50.3284],[-59.8407,50.3356],[-59.8321,50.3489],[-59.8221,50.3566],[-59.8173,50.3464],[-59.8273,50.3281],[-59.8507,50.3136],[-59.8993,50.2949],[-59.9227,50.2888],[-59.935,50.2842],[-59.9403,50.2779],[-59.9443,50.2611],[-59.9544,50.2642],[-59.9669,50.2724],[-59.9787,50.2711],[-59.9963,50.2551],[-60.0168,50.2447],[-60.0394,50.2432],[-60.0637,50.254],[-60.0723,50.2459],[-60.0809,50.2439],[-60.0897,50.2436],[-60.0985,50.2403],[-60.1022,50.2369],[-60.1085,50.2288],[-60.1116,50.226],[-60.1233,50.2187],[-60.1349,50.213],[-60.1401,50.2155],[-60.1327,50.2329],[-60.1737,50.2329],[-60.1619,50.2402],[-60.1555,50.2508],[-60.153,50.2627],[-60.153,50.2849],[-60.1535,50.2884],[-60.177,50.2875],[-60.199,50.2757],[-60.2226,50.2524],[-60.2465,50.2347],[-60.2698,50.2403],[-60.2589,50.2463],[-60.2488,50.254],[-60.2403,50.2633],[-60.235,50.2745],[-60.2506,50.2689],[-60.2633,50.2709],[-60.2721,50.2799],[-60.276,50.2949],[-60.2859,50.285],[-60.2857,50.2533],[-60.2937,50.2465],[-60.3317,50.2524],[-60.3498,50.2532],[-60.3654,50.2465],[-60.358,50.2399],[-60.3541,50.2336],[-60.3559,50.2286],[-60.3654,50.226],[-60.3746,50.2286],[-60.3821,50.2431],[-60.3893,50.2465],[-60.3962,50.2487],[-60.4025,50.2528],[-60.4091,50.2546],[-60.4169,50.2502],[-60.4238,50.2444],[-60.4308,50.2414],[-60.4384,50.2418],[-60.4473,50.2465],[-60.4412,50.2608],[-60.4691,50.2555],[-60.4992,50.254],[-60.508,50.2496],[-60.53,50.2303],[-60.5404,50.226],[-60.5999,50.2164],[-60.6221,50.223],[-60.6186,50.254],[-60.6405,50.2373],[-60.6511,50.2311],[-60.6671,50.226],[-60.7223,50.226],[-60.7192,50.23],[-60.7177,50.2334],[-60.7166,50.2366],[-60.7148,50.2403],[-60.7362,50.2403],[-60.7523,50.2342],[-60.766,50.2234],[-60.7803,50.209],[-60.7941,50.2047],[-60.8213,50.2222],[-60.8384,50.2198],[-60.8311,50.2373],[-60.8155,50.249],[-60.796,50.2563],[-60.7769,50.2608],[-60.8026,50.2671],[-60.8356,50.2563],[-60.9308,50.2029],[-60.9346,50.1993],[-60.9425,50.2012],[-60.9459,50.2058],[-60.9476,50.2124],[-60.947,50.2132],[-60.949,50.2156],[-60.9521,50.2182],[-60.9551,50.2198],[-60.963,50.2199],[-60.9762,50.2135],[-60.9823,50.2124],[-60.9969,50.2167],[-61.011,50.223],[-61.0261,50.2272],[-61.0438,50.226],[-61.0487,50.2217],[-61.0499,50.215],[-61.0499,50.2086],[-61.0506,50.2056],[-61.0579,50.2059],[-61.0785,50.2124],[-61.1059,50.2056],[-61.1059,50.2037],[-61.108,50.1995],[-61.1125,50.195],[-61.1195,50.1925],[-61.1486,50.2025],[-61.1606,50.2017],[-61.1531,50.185],[-61.1659,50.1854],[-61.2046,50.2014],[-61.2254,50.2056],[-61.3113,50.1993],[-61.4277,50.1686],[-61.5063,50.1581],[-61.585,50.13],[-61.6408,50.1212],[-61.6949,50.1031],[-61.7179,50.1],[-61.7843,50.1031],[-61.7843,50.1099],[-61.7641,50.1113],[-61.7353,50.1267],[-61.7191,50.1304],[-61.7056,50.1321],[-61.6124,50.1567],[-61.5956,50.1584],[-61.5817,50.1638],[-61.5738,50.1756],[-61.5761,50.1874],[-61.5925,50.1925],[-61.6109,50.1745],[-61.6374,50.1666],[-61.6949,50.1584],[-61.7477,50.1383],[-61.7768,50.1341],[-61.8048,50.1441],[-61.7967,50.1721],[-61.8156,50.1907],[-61.8393,50.205],[-61.8458,50.2198],[-61.8632,50.2302],[-61.8849,50.2337],[-61.9246,50.2329],[-61.9362,50.2352],[-61.9491,50.2394],[-61.9616,50.2413],[-61.9723,50.2366],[-61.9827,50.2305],[-61.9963,50.2274],[-62.0239,50.226],[-62.1338,50.2403],[-62.2125,50.2418],[-62.2368,50.2465],[-62.2805,50.2634],[-62.2998,50.2737],[-62.315,50.2844],[-62.327,50.2892],[-62.3397,50.2875],[-62.352,50.2835],[-62.3692,50.2802],[-62.38,50.2768],[-62.3836,50.2779],[-62.3876,50.285],[-62.3878,50.2909],[-62.3903,50.2945],[-62.4006,50.2949],[-62.4124,50.2906],[-62.4203,50.2823],[-62.427,50.2735],[-62.4348,50.2676],[-62.4506,50.2655],[-62.4591,50.2706],[-62.4667,50.2777],[-62.4795,50.2812],[-62.5957,50.2773],[-62.7507,50.2875],[-62.7507,50.2949],[-62.7091,50.3092],[-62.7091,50.3154],[-62.755,50.3053],[-62.7781,50.3027],[-62.7917,50.3092],[-62.7987,50.299],[-62.8085,50.2943],[-62.8326,50.2875],[-62.8524,50.2943],[-62.9316,50.2875],[-62.9596,50.2882],[-62.9698,50.2913],[-62.9797,50.2983],[-62.9931,50.3134],[-63.002,50.317],[-63.0176,50.3154],[-63.0286,50.3098],[-63.0447,50.2925],[-63.0524,50.2875],[-63.068,50.2862],[-63.1104,50.2949],[-63.1583,50.2949],[-63.1767,50.2901],[-63.1752,50.2794],[-63.166,50.2678],[-63.1616,50.2608],[-63.1771,50.2515],[-63.2029,50.2451],[-63.2506,50.2403],[-63.3348,50.2503],[-63.3602,50.2465],[-63.3705,50.2405],[-63.387,50.2246],[-63.395,50.2198],[-63.4206,50.219],[-63.4355,50.2202],[-63.4422,50.2229],[-63.4479,50.2421],[-63.4632,50.2553],[-63.485,50.2635],[-63.5104,50.2676],[-63.5363,50.2668],[-63.6035,50.254],[-63.6116,50.2571],[-63.626,50.2712],[-63.6377,50.2745],[-63.6509,50.2731],[-63.6608,50.2708],[-63.6704,50.2703],[-63.6824,50.2745],[-63.6885,50.2799],[-63.7003,50.2952],[-63.7096,50.3017],[-63.7222,50.3043],[-63.768,50.3017],[-63.78,50.3039],[-63.7998,50.3132],[-63.809,50.3154],[-63.9892,50.307],[-64.0344,50.2972],[-64.0959,50.2909],[-64.1069,50.2875],[-64.1344,50.2703],[-64.1448,50.2676],[-64.2475,50.2707],[-64.3486,50.288],[-64.371,50.2983],[-64.39,50.31],[-64.4167,50.3185],[-64.4454,50.3229],[-64.47,50.3223],[-64.4918,50.3157],[-64.5326,50.2984],[-64.6294,50.284],[-64.8678,50.2745],[-64.8768,50.2726],[-64.8813,50.2726],[-64.8883,50.2745],[-64.9027,50.2825],[-64.9074,50.2869],[-64.902,50.2875],[-64.916,50.2883],[-64.9378,50.2828],[-65.0338,50.2842],[-65.1171,50.2974],[-65.151,50.2989],[-65.1727,50.2912],[-65.1913,50.2873],[-65.2169,50.2985],[-65.2583,50.3223],[-65.2659,50.3206],[-65.289,50.3116],[-65.2999,50.3092],[-65.4569,50.3017],[-65.5316,50.2841],[-65.6243,50.277],[-65.7372,50.2574],[-65.8385,50.2605],[-65.8616,50.2676],[-65.8937,50.2824],[-65.9292,50.2928],[-65.9642,50.2932],[-65.995,50.2779],[-66.0351,50.2354],[-66.0465,50.226],[-66.0627,50.2213],[-66.0792,50.2223],[-66.0878,50.2303],[-66.0807,50.2465],[-66.1034,50.2441],[-66.1052,50.228],[-66.0965,50.2076],[-66.0875,50.1925],[-66.1094,50.1974],[-66.1619,50.1958],[-66.18,50.2025],[-66.1951,50.2126],[-66.2129,50.2177],[-66.252,50.2198],[-66.2881,50.2147],[-66.3232,50.2053],[-66.357,50.2014],[-66.4044,50.2182],[-66.4094,50.2225],[-66.4062,50.2294],[-66.4044,50.2363],[-66.4058,50.2467],[-66.4091,50.2573],[-66.4131,50.2642],[-66.4296,50.2731],[-66.4489,50.2735],[-66.4682,50.2685],[-66.4989,50.2525],[-66.5293,50.2303],[-66.5431,50.2161],[-66.5495,50.1983],[-66.541,50.1844],[-66.5121,50.1646],[-66.4976,50.1695],[-66.4715,50.1741],[-66.4451,50.1759],[-66.4302,50.1721],[-66.4285,50.1634],[-66.4349,50.1575],[-66.4513,50.1509],[-66.4613,50.1448],[-66.4661,50.1427],[-66.4974,50.1463],[-66.5332,50.1584],[-66.5433,50.1588],[-66.5635,50.1572],[-66.5741,50.1584],[-66.5909,50.1645],[-66.6181,50.1795],[-66.6356,50.185],[-66.6363,50.175],[-66.6343,50.166],[-66.6298,50.158],[-66.6225,50.1509],[-66.644,50.1463],[-66.6659,50.1348],[-66.7011,50.1066],[-66.7459,50.0537],[-66.7659,50.0411],[-66.814,50.0275],[-66.9121,50.0113],[-66.9509,49.9864],[-66.9677,49.9668],[-66.9751,49.9555],[-66.9789,49.9449],[-66.9754,49.9361],[-66.9686,49.9249],[-66.9659,49.9154],[-66.9914,49.9031],[-67.0039,49.8838],[-67.0149,49.8609],[-67.0266,49.8424],[-67.0449,49.8283],[-67.0557,49.8323],[-67.068,49.8431],[-67.0912,49.8493],[-67.1129,49.8441],[-67.1315,49.8313],[-67.1462,49.8157],[-67.1659,49.7881],[-67.1747,49.7718],[-67.1815,49.7549],[-67.1843,49.7394],[-67.1803,49.7227],[-67.1727,49.7091],[-67.1673,49.6952],[-67.17,49.678],[-67.1799,49.6655],[-67.2128,49.6374],[-67.2253,49.6234],[-67.2309,49.6116],[-67.2451,49.5681],[-67.234,49.5461],[-67.2316,49.514],[-67.236,49.4816],[-67.2451,49.4588],[-67.2682,49.4335],[-67.3763,49.3392],[-67.4011,49.3297],[-67.5493,49.3312],[-67.5833,49.3275],[-67.6151,49.3149],[-67.629,49.3213],[-67.6449,49.3205],[-67.674,49.3149],[-67.7355,49.3149],[-67.7459,49.3132],[-67.7746,49.3036],[-67.7836,49.2982],[-67.7943,49.2872],[-67.8031,49.282],[-67.8141,49.2802],[-67.8614,49.2825],[-67.9177,49.293],[-67.9447,49.2944],[-67.9958,49.2872],[-68.0264,49.2867],[-68.0546,49.2944],[-68.0585,49.2825],[-68.0657,49.2735],[-68.0824,49.2602],[-68.1224,49.2713],[-68.1359,49.2557],[-68.1432,49.2286],[-68.1644,49.2056],[-68.172,49.2042],[-68.1897,49.2059],[-68.1979,49.2056],[-68.206,49.2025],[-68.2198,49.1937],[-68.2289,49.192],[-68.2837,49.1943],[-68.3009,49.1982],[-68.3009,49.192],[-68.254,49.1671],[-68.2354,49.164],[-68.2034,49.1704],[-68.1905,49.1675],[-68.1836,49.151],[-68.1836,49.1435],[-68.1811,49.1245],[-68.2196,49.112],[-68.3254,49.0985],[-68.3429,49.0902],[-68.3766,49.069],[-68.3923,49.0639],[-68.4089,49.0618],[-68.4443,49.0616],[-68.3821,49.0999],[-68.3698,49.1156],[-68.3719,49.1403],[-68.4065,49.1637],[-68.4033,49.1845],[-68.4333,49.1962],[-68.4443,49.1982],[-68.4302,49.1839],[-68.4178,49.1584],[-68.4095,49.134],[-68.4071,49.123],[-68.4176,49.1199],[-68.4518,49.0958],[-68.4872,49.0837],[-68.4962,49.0784],[-68.515,49.0699],[-68.5748,49.0605],[-68.5951,49.0548],[-68.6151,49.0395],[-68.6346,49.017],[-68.6445,48.9912],[-68.6361,48.9654],[-68.6988,48.9449],[-68.6886,48.9324],[-68.6554,48.9296],[-68.6435,48.9177],[-68.7838,48.9108],[-68.7953,48.9074],[-68.8028,48.8995],[-68.8087,48.8902],[-68.8148,48.8829],[-68.8831,48.847],[-68.9068,48.8398],[-68.9247,48.8304],[-68.9496,48.8258],[-68.9542,48.8194],[-68.9551,48.8105],[-68.9595,48.801],[-68.9744,48.7882],[-68.9911,48.7823],[-69.0373,48.7805],[-69.0557,48.7735],[-69.0696,48.7562],[-69.1179,48.6306],[-69.1444,48.6005],[-69.1916,48.5887],[-69.2006,48.5909],[-69.2106,48.5948],[-69.2205,48.5965],[-69.2295,48.5921],[-69.2678,48.5433],[-69.2806,48.5111],[-69.2878,48.4993],[-69.2894,48.4646],[-69.3255,48.4253],[-69.4044,48.3627],[-69.4301,48.3177],[-69.4466,48.2962],[-69.4696,48.2871],[-69.4924,48.2819],[-69.512,48.27],[-69.5299,48.2562],[-69.5478,48.2454],[-69.5544,48.2447],[-69.5691,48.2467],[-69.5752,48.2454],[-69.5797,48.2404],[-69.5804,48.2348],[-69.5802,48.2294],[-69.582,48.2255],[-69.6545,48.1629],[-69.676,48.1499],[-69.6987,48.1436],[-69.7128,48.1445],[-69.7471,48.1567],[-69.7617,48.1584],[-69.7983,48.1567],[-69.8199,48.1619],[-69.8369,48.1749],[-69.8631,48.2051],[-69.8823,48.2211],[-69.9026,48.2327],[-69.9451,48.2591],[-69.9851,48.2784],[-70.0376,48.2786],[-70.0937,48.2726],[-70.1444,48.2734],[-70.1673,48.2834],[-70.211,48.315],[-70.2335,48.3217],[-70.259,48.3251],[-70.2835,48.3333],[-70.3692,48.3741],[-70.3929,48.3769],[-70.4149,48.3658],[-70.4352,48.363],[-70.6344,48.3968],[-70.6774,48.3915],[-70.693,48.3928],[-70.7129,48.4037],[-70.7472,48.4276],[-70.7667,48.435],[-70.7921,48.4378],[-70.8035,48.4362],[-70.8136,48.4332],[-70.8241,48.4317],[-70.8364,48.4347],[-70.8776,48.4495],[-70.9872,48.4652],[-71.0116,48.4623],[-71.048,48.449],[-71.0698,48.4446],[-70.9977,48.453],[-70.9736,48.4515],[-70.8876,48.4216],[-70.8326,48.4148],[-70.8059,48.4075],[-70.7885,48.3957],[-70.7921,48.3797],[-70.8114,48.3697],[-70.8385,48.3646],[-70.8917,48.3627],[-70.8788,48.3476],[-70.8739,48.3338],[-70.8656,48.3242],[-70.8433,48.3217],[-70.8268,48.3257],[-70.7818,48.3485],[-70.7445,48.3553],[-70.6005,48.3564],[-70.5453,48.3627],[-70.4775,48.3564],[-70.4628,48.3519],[-70.4432,48.3428],[-70.3925,48.3381],[-70.3596,48.3284],[-70.3459,48.326],[-70.3343,48.3212],[-70.3238,48.3011],[-70.3113,48.2995],[-70.2974,48.3027],[-70.2878,48.3075],[-70.2306,48.2728],[-70.163,48.2451],[-70.0926,48.2348],[-70.0277,48.2529],[-70.0042,48.242],[-69.9503,48.2308],[-69.9249,48.2219],[-69.9062,48.2073],[-69.87,48.1567],[-69.8467,48.1428],[-69.818,48.1347],[-69.7605,48.13],[-69.736,48.1225],[-69.7424,48.1055],[-69.7744,48.0748],[-69.7809,48.0577],[-69.7928,48.0063],[-69.7949,47.9887],[-69.8014,47.9838],[-69.8148,47.9775],[-69.8258,47.97],[-69.8256,47.9615],[-69.8241,47.9531],[-69.8266,47.9399],[-69.8353,47.9171],[-69.8468,47.9001],[-69.8942,47.8516],[-69.9056,47.8345],[-69.9193,47.7923],[-69.932,47.7731],[-69.943,47.7654],[-69.9677,47.7546],[-69.9798,47.7464],[-70.017,47.7083],[-70.0345,47.6973],[-70.0753,47.6817],[-70.0863,47.6741],[-70.0997,47.6681],[-70.1151,47.6686],[-70.1306,47.6673],[-70.1444,47.6564],[-70.1371,47.6423],[-70.1551,47.626],[-70.1816,47.6098],[-70.1996,47.5955],[-70.2062,47.5798],[-70.2069,47.5657],[-70.2054,47.5528],[-70.2058,47.5403],[-70.2101,47.5284],[-70.2174,47.517],[-70.2369,47.4956],[-70.248,47.4896],[-70.2784,47.4821],[-70.3022,47.4694],[-70.3175,47.4663],[-70.3754,47.4614],[-70.4074,47.4534],[-70.4371,47.4424],[-70.4591,47.4305],[-70.4666,47.4346],[-70.4803,47.44],[-70.4869,47.4448],[-70.4971,47.4293],[-70.5069,47.3796],[-70.5174,47.369],[-70.5338,47.3596],[-70.5485,47.3376],[-70.5689,47.2933],[-70.5977,47.2494],[-70.6174,47.2275],[-70.6344,47.2182],[-70.6856,47.1492],[-70.715,47.1176],[-70.7506,47.0918],[-70.7917,47.0724],[-70.9203,47.0372],[-70.9569,47.0207],[-71.191,46.8581],[-71.2001,46.8483],[-71.2229,46.8145],[-71.2269,46.81],[-71.2319,46.7984],[-71.2448,46.789],[-71.3025,46.7589],[-71.3179,46.7567],[-71.3417,46.7423],[-71.354,46.739],[-71.4632,46.7345],[-71.5148,46.7247],[-71.5929,46.7008],[-71.6442,46.6932],[-71.694,46.6744],[-71.7202,46.6701],[-71.772,46.6701],[-71.7829,46.6722],[-71.8033,46.6816],[-71.8127,46.6837],[-71.8402,46.687],[-71.8609,46.6918],[-71.8805,46.6907],[-71.972,46.6295],[-72.0137,46.6077],[-72.0554,46.5943],[-72.1419,46.5807],[-72.2125,46.561],[-72.2279,46.5534],[-72.2364,46.5362],[-72.2517,46.4823],[-72.258,46.4709],[-72.2968,46.451],[-72.3371,46.4435],[-72.3574,46.4367],[-72.3926,46.4192],[-72.4408,46.4119],[-72.4623,46.4023],[-72.6025,46.3013],[-72.6451,46.2865],[-72.6676,46.2839],[-72.7379,46.2865],[-72.7712,46.2809],[-72.8445,46.2648],[-72.914,46.2424],[-72.9945,46.2108],[-72.986,46.1953],[-73.0,46.1542],[-73.0,52.0]]],[[[-59.3506,50.6035],[-59.3625,50.6047],[-59.3657,50.6059],[-59.3676,50.6101],[-59.3754,50.6205],[-59.3834,50.6388],[-59.3763,50.6523],[-59.3594,50.656],[-59.3375,50.6444],[-59.3144,50.6035],[-59.3065,50.5966],[-59.296,50.5723],[-59.298,50.5641],[-59.3032,50.5609],[-59.31,50.559],[-59.317,50.555],[-59.3275,50.5462],[-59.3411,50.538],[-59.3529,50.5375],[-59.358,50.5516],[-59.3537,50.5643],[-59.3239,50.6103],[-59.3355,50.616],[-59.3425,50.6127],[-59.3468,50.6065],[-59.3506,50.6035]]],[[[-58.3984,51.2545],[-58.4086,51.2473],[-58.4557,51.225],[-58.4742,51.2204],[-58.5629,51.2334],[-58.5537,51.2453],[-58.5359,51.258],[-58.5021,51.2751],[-58.4795,51.278],[-58.4336,51.2762],[-58.4121,51.2818],[-58.4121,51.2676],[-58.4095,51.2634],[-58.4083,51.2589],[-58.4055,51.2554],[-58.3984,51.2545]]],[[[-70.8433,47.0332],[-70.8285,47.0301],[-70.8157,47.0236],[-70.8097,47.0134],[-70.8153,46.9991],[-70.828,46.987],[-70.8619,46.946],[-70.8743,46.937],[-70.8913,46.9317],[-70.9525,46.8955],[-71.0312,46.8629],[-71.0718,46.8581],[-71.114,46.8594],[-71.1247,46.877],[-71.0851,46.9057],[-70.9935,46.95],[-70.9241,47.0032],[-70.8854,47.0266],[-70.8433,47.0332]]],[[[-61.671,47.5465],[-61.6907,47.534],[-61.6991,47.5275],[-61.7435,47.4831],[-61.7669,47.4714],[-61.7908,47.4645],[-61.8357,47.4328],[-61.8594,47.4237],[-61.8222,47.4154],[-61.7854,47.4338],[-61.6715,47.538],[-61.6362,47.5571],[-61.5925,47.5608],[-61.6253,47.5493],[-61.6564,47.5307],[-61.7086,47.4857],[-61.765,47.4111],[-61.7782,47.4058],[-61.8215,47.41],[-61.8365,47.4014],[-61.848,47.3826],[-61.8565,47.3639],[-61.8628,47.3554],[-61.9019,47.3537],[-61.9169,47.3487],[-61.9314,47.3383],[-61.9405,47.3266],[-61.9563,47.2963],[-61.9656,47.283],[-61.9593,47.2741],[-61.941,47.2623],[-61.9203,47.2601],[-61.9072,47.2797],[-61.8966,47.2652],[-61.8834,47.2559],[-61.8668,47.2499],[-61.8251,47.2426],[-61.8107,47.2443],[-61.7985,47.2517],[-61.7843,47.266],[-61.793,47.2403],[-61.816,47.2283],[-61.8454,47.225],[-61.873,47.225],[-61.8749,47.2376],[-61.8951,47.2337],[-61.9382,47.2182],[-61.9888,47.2172],[-62.0106,47.2248],[-62.0171,47.2455],[-61.9897,47.2734],[-61.9678,47.3076],[-61.9591,47.3175],[-61.9495,47.3362],[-61.9486,47.3828],[-61.9413,47.4025],[-61.9255,47.4132],[-61.9012,47.4221],[-61.8756,47.4282],[-61.856,47.4305],[-61.8393,47.4367],[-61.7007,47.5319],[-61.6935,47.5368],[-61.5621,47.6271],[-61.5373,47.6365],[-61.5059,47.6414],[-61.3863,47.644],[-61.3822,47.6367],[-61.3887,47.6257],[-61.4001,47.616],[-61.4325,47.6081],[-61.4485,47.6005],[-61.4553,47.5847],[-61.4695,47.5695],[-61.5011,47.5568],[-61.5338,47.5521],[-61.5515,47.5608],[-61.5274,47.5688],[-61.5023,47.5827],[-61.4813,47.601],[-61.469,47.6223],[-61.4972,47.6243],[-61.5266,47.6221],[-61.5546,47.615],[-61.5788,47.6018],[-61.6207,47.5682],[-61.646,47.5529],[-61.671,47.5465]]],[[[-64.3192,49.7912],[-64.3354,49.8155],[-64.3672,49.8256],[-64.3887,49.8194],[-64.3744,49.7946],[-64.3975,49.7978],[-64.4247,49.8085],[-64.4475,49.8234],[-64.457,49.8393],[-64.4706,49.8524],[-64.4962,49.8586],[-64.5106,49.8681],[-64.4905,49.8909],[-64.4513,49.9095],[-64.3509,49.9274],[-64.2939,49.9311],[-64.2691,49.9296],[-64.2577,49.9312],[-64.2452,49.9375],[-64.2378,49.9445],[-64.2294,49.95],[-64.2137,49.9523],[-64.1328,49.9501],[-64.027,49.921],[-64.0008,49.9182],[-63.9919,49.9162],[-63.9447,49.8961],[-63.6981,49.8673],[-63.6053,49.8502],[-63.5128,49.8455],[-63.3747,49.8294],[-63.2086,49.7908],[-63.1241,49.7839],[-63.0449,49.7537],[-62.9621,49.7405],[-62.9388,49.7294],[-62.9047,49.7019],[-62.893,49.6975],[-62.8463,49.6984],[-62.7757,49.6692],[-62.7576,49.6643],[-62.7307,49.6632],[-62.7079,49.6594],[-62.6876,49.653],[-62.6173,49.6205],[-62.5897,49.6127],[-62.5343,49.6047],[-62.5128,49.5923],[-62.4757,49.5619],[-62.4698,49.56],[-62.4541,49.5579],[-62.4484,49.5551],[-62.4454,49.5498],[-62.4434,49.5385],[-62.4416,49.5346],[-62.3973,49.4967],[-62.3859,49.4904],[-62.3747,49.49],[-62.3529,49.4936],[-62.3392,49.4909],[-62.3113,49.4726],[-62.2999,49.4696],[-62.2757,49.4682],[-62.2642,49.4657],[-62.2538,49.4586],[-62.2262,49.4309],[-62.2201,49.4278],[-62.2133,49.421],[-62.2043,49.4142],[-62.1918,49.4111],[-62.1781,49.4092],[-62.1331,49.3968],[-62.0181,49.3884],[-62.0061,49.3842],[-61.9718,49.3669],[-61.951,49.353],[-61.9413,49.349],[-61.9042,49.3542],[-61.8826,49.3545],[-61.8656,49.3376],[-61.8179,49.3081],[-61.8265,49.295],[-61.8189,49.2868],[-61.7905,49.2739],[-61.7872,49.2689],[-61.7806,49.253],[-61.7768,49.2466],[-61.7717,49.2434],[-61.7495,49.2329],[-61.7374,49.2213],[-61.7086,49.1845],[-61.6847,49.1658],[-61.6608,49.151],[-61.671,49.1411],[-61.693,49.1296],[-61.7024,49.123],[-61.7075,49.1115],[-61.7049,49.103],[-61.707,49.0976],[-61.7262,49.0958],[-61.7455,49.0977],[-61.7573,49.0969],[-61.8116,49.069],[-61.8242,49.07],[-61.8662,49.0821],[-61.8821,49.0837],[-62.0506,49.0745],[-62.13,49.0821],[-62.2482,49.0679],[-62.2768,49.0716],[-62.3033,49.0798],[-62.3221,49.092],[-62.3426,49.1022],[-62.4169,49.112],[-62.5063,49.1386],[-62.6818,49.1485],[-62.8845,49.1965],[-63.0933,49.2329],[-63.1647,49.2629],[-63.2124,49.2729],[-63.2777,49.3149],[-63.3342,49.3244],[-63.3636,49.3402],[-63.3829,49.3478],[-63.4038,49.3536],[-63.4621,49.3594],[-63.5868,49.39],[-63.5731,49.4049],[-63.5846,49.4191],[-63.6039,49.4335],[-63.6141,49.4486],[-63.6149,49.4677],[-63.6185,49.4838],[-63.6268,49.4984],[-63.6414,49.5135],[-63.6772,49.5417],[-63.7642,49.602],[-63.9252,49.6749],[-64.0588,49.7145],[-64.178,49.741],[-64.3024,49.779],[-64.3192,49.7912]]],[[[-63.8847,50.1994],[-63.9123,50.206],[-63.927,50.2214],[-63.9248,50.2397],[-63.9015,50.254],[-63.8986,50.25],[-63.8956,50.2484],[-63.8884,50.2465],[-63.8575,50.2174],[-63.8561,50.2047],[-63.8847,50.1994]]],[[[-70.3698,47.4268],[-70.3397,47.4276],[-70.3239,47.4274],[-70.3299,47.4184],[-70.3739,47.3839],[-70.3932,47.3727],[-70.4117,47.3702],[-70.4276,47.372],[-70.4357,47.377],[-70.4366,47.3865],[-70.4336,47.3959],[-70.4254,47.405],[-70.411,47.4144],[-70.3907,47.4225],[-70.3698,47.4268]]],[[[-68.8643,48.4076],[-68.8556,48.4145],[-68.8427,48.4159],[-68.8381,48.4138],[-68.8432,48.4097],[-68.8427,48.4056],[-68.8447,48.396],[-68.8632,48.3891],[-68.8787,48.3877],[-68.8911,48.388],[-68.8926,48.3918],[-68.8885,48.3969],[-68.8798,48.4035],[-68.8643,48.4076]]],[[[-58.8612,50.8331],[-58.8516,50.8127],[-58.8463,50.7894],[-58.8611,50.7796],[-58.8809,50.7847],[-58.8856,50.7943],[-58.8612,50.8331]]],[[[-58.4626,51.1763],[-58.4274,51.1671],[-58.457,51.1407],[-58.4957,51.121],[-58.5692,51.1007],[-58.5815,51.08],[-58.6212,51.0918],[-58.5873,51.1197],[-58.547,51.1504],[-58.4626,51.1763]]],[[[-58.3076,51.2523],[-58.3071,51.2358],[-58.3263,51.2205],[-58.3629,51.2022],[-58.411,51.2016],[-58.4139,51.2222],[-58.3882,51.2389],[-58.3076,51.2523]]]]}},{"type":"Feature","properties":{"code":"ME","kind":"land"},"geometry":{"type":"MultiPolygon","coordinates":[[[[-71.085,45.3043],[-71.0642,45.3071],[-71.0544,45.3104],[-71.0367,45.3234],[-71.0276,45.3347],[-71.0165,45.3431],[-70.9932,45.3478],[-70.9681,45.3445],[-70.9516,45.332],[-70.9069,45.2462],[-70.8924,45.2346],[-70.8744,45.2457],[-70.8706,45.2553],[-70.8725,45.2742],[-70.8702,45.2831],[-70.8626,45.2904],[-70.8424,45.3012],[-70.8353,45.3098],[-70.8321,45.3286],[-70.8355,45.3731],[-70.8338,45.3931],[-70.826,45.4105],[-70.813,45.4234],[-70.7949,45.4304],[-70.7719,45.43],[-70.7525,45.4223],[-70.718,45.3973],[-70.6967,45.3887],[-70.6758,45.3887],[-70.6536,45.3955],[-70.6413,45.4085],[-70.6503,45.4275],[-70.6682,45.439],[-70.7074,45.4564],[-70.7228,45.4709],[-70.732,45.4916],[-70.7303,45.508],[-70.6868,45.5727],[-70.5896,45.6518],[-70.5724,45.6623],[-70.5147,45.6817],[-70.4848,45.6996],[-70.4728,45.7036],[-70.4504,45.7037],[-70.4391,45.7059],[-70.4193,45.7169],[-70.4074,45.7315],[-70.4024,45.7497],[-70.4039,45.7712],[-70.4083,45.7817],[-70.4137,45.7877],[-70.4172,45.7938],[-70.4152,45.8044],[-70.4099,45.8107],[-70.3898,45.8251],[-70.3127,45.8676],[-70.2832,45.8905],[-70.2625,45.923],[-70.2559,45.9489],[-70.2631,45.9568],[-70.2804,45.9593],[-70.3039,45.9686],[-70.3163,45.983],[-70.3169,45.999],[-70.3061,46.0353],[-70.3036,46.0385],[-70.2943,46.0449],[-70.292,46.0487],[-70.293,46.054],[-70.2961,46.0579],[-70.3008,46.0617],[-70.3048,46.066],[-70.3114,46.0719],[-70.3126,46.0796],[-70.3003,46.0893],[-70.2644,46.1066],[-70.2495,46.1206],[-70.244,46.141],[-70.2492,46.1628],[-70.2633,46.1832],[-70.2848,46.1919],[-70.2809,46.2119],[-70.2534,46.2515],[-70.2362,46.2883],[-70.2237,46.3008],[-70.2019,46.3055],[-70.1995,46.3153],[-70.197,46.3369],[-70.1884,46.3584],[-70.1674,46.3682],[-70.1531,46.3728],[-70.0743,46.4195],[-70.0618,46.4454],[-70.0501,46.5113],[-70.0327,46.6098],[-70.0236,46.6613],[-70.0078,46.7041],[-69.99,46.7217],[-69.8997,46.8116],[-69.8094,46.9013],[-69.7191,46.9911],[-69.6288,47.0808],[-69.5385,47.1706],[-69.4482,47.2603],[-69.3579,47.3501],[-69.2676,47.4398],[-69.2509,47.4529],[-69.2373,47.4588],[-69.222,47.4597],[-69.0697,47.4319],[-69.054,47.4184],[-69.0543,47.3893],[-69.0662,47.3297],[-69.0651,47.2963],[-69.0636,47.2908],[-69.0575,47.2695],[-69.0402,47.2491],[-68.9062,47.1902],[-68.8897,47.1906],[-68.7618,47.237],[-68.7178,47.2452],[-68.6688,47.2434],[-68.6442,47.2453],[-68.6256,47.2552],[-68.6079,47.2698],[-68.5852,47.2825],[-68.5397,47.2999],[-68.518,47.3048],[-68.492,47.3076],[-68.4667,47.3057],[-68.4353,47.2913],[-68.4226,47.2931],[-68.4102,47.2974],[-68.3856,47.3017],[-68.3834,47.3071],[-68.3848,47.3159],[-68.382,47.3278],[-68.3478,47.3585],[-68.2997,47.3678],[-68.2464,47.3606],[-68.197,47.3414],[-68.1843,47.3331],[-68.1561,47.3067],[-68.1451,47.3015],[-68.1154,47.2923],[-68.1014,47.2862],[-68.0394,47.2452],[-67.9932,47.2232],[-67.9624,47.1977],[-67.9537,47.1866],[-67.95,47.1729],[-67.9434,47.1645],[-67.8991,47.1388],[-67.8706,47.1074],[-67.8547,47.0979],[-67.8136,47.0819],[-67.8087,47.0751],[-67.8052,47.0356],[-67.8025,46.9012],[-67.8,46.7668],[-67.7974,46.6323],[-67.7948,46.4979],[-67.7923,46.3635],[-67.7897,46.229],[-67.7871,46.0946],[-67.7846,45.9601],[-67.7828,45.9505],[-67.7766,45.9429],[-67.7675,45.936],[-67.7597,45.9286],[-67.7578,45.9195],[-67.7694,45.904],[-67.7874,45.89],[-67.7992,45.8757],[-67.7926,45.8589],[-67.7761,45.8408],[-67.7728,45.8281],[-67.7799,45.8157],[-67.7941,45.7992],[-67.8063,45.7818],[-67.8111,45.7665],[-67.807,45.7129],[-67.8001,45.6998],[-67.7861,45.6912],[-67.7618,45.6801],[-67.748,45.6778],[-67.7407,45.6836],[-67.7355,45.6908],[-67.728,45.6923],[-67.7174,45.6854],[-67.7105,45.6754],[-67.7048,45.6642],[-67.6908,45.6538],[-67.6603,45.6374],[-67.6075,45.6201],[-67.5519,45.6104],[-67.5064,45.6098],[-67.4758,45.613],[-67.45,45.6108],[-67.4313,45.5979],[-67.4221,45.5688],[-67.4262,45.5334],[-67.443,45.5222],[-67.4675,45.5083],[-67.4932,45.4931],[-67.4823,45.4555],[-67.4288,45.3871],[-67.4346,45.3503],[-67.4591,45.3184],[-67.4687,45.3018],[-67.475,45.2824],[-67.4713,45.2663],[-67.4276,45.2366],[-67.3905,45.1931],[-67.3563,45.1659],[-67.3192,45.1539],[-67.2846,45.1697],[-67.2796,45.1791],[-67.2792,45.1874],[-67.2772,45.1951],[-67.2673,45.2025],[-67.255,45.205],[-67.2424,45.2026],[-67.2191,45.1921],[-67.2062,45.1894],[-67.176,45.1787],[-67.1913,45.1804],[-67.2044,45.1782],[-67.2103,45.1711],[-67.2039,45.1575],[-67.1999,45.1566],[-67.1797,45.1575],[-67.1724,45.1551],[-67.1684,45.1495],[-67.166,45.1428],[-67.1596,45.1324],[-67.1542,45.1192],[-67.1521,45.1166],[-67.146,45.1152],[-67.1394,45.1116],[-67.1282,45.1029],[-67.1135,45.0869],[-67.1003,45.0694],[-67.1112,45.0537],[-67.1045,45.038],[-67.09,45.0259],[-67.077,45.021],[-67.0716,45.0144],[-67.052,44.9834],[-67.0401,44.9732],[-67.0522,44.9613],[-67.056,44.9454],[-67.0627,44.9314],[-67.0835,44.9254],[-67.0945,44.9331],[-67.1059,44.9458],[-67.1173,44.9483],[-67.1282,44.9254],[-67.1131,44.9156],[-67.1121,44.9041],[-67.1217,44.8946],[-67.1384,44.8907],[-67.1514,44.8959],[-67.1848,44.9168],[-67.1965,44.9186],[-67.2034,44.9049],[-67.1905,44.8906],[-67.1723,44.8772],[-67.163,44.8667],[-67.1487,44.8155],[-67.146,44.8257],[-67.1438,44.8557],[-67.1418,44.8633],[-67.1304,44.8647],[-67.1144,44.8469],[-67.1003,44.8496],[-67.1077,44.8571],[-67.0941,44.8633],[-67.0971,44.8678],[-67.1023,44.878],[-67.1077,44.8832],[-67.0885,44.8881],[-67.0747,44.8708],[-67.0671,44.8444],[-67.0662,44.8223],[-67.0436,44.834],[-67.042,44.8544],[-67.0593,44.8974],[-67.0437,44.894],[-67.0329,44.8844],[-67.0122,44.8571],[-67.0091,44.8564],[-66.9947,44.8571],[-66.9914,44.8557],[-66.9914,44.8519],[-66.9923,44.8474],[-66.9917,44.8435],[-66.9795,44.8188],[-66.9773,44.8155],[-66.985,44.8049],[-67.0194,44.7749],[-67.0326,44.7671],[-67.0425,44.7662],[-67.064,44.7686],[-67.0736,44.7671],[-67.0741,44.7637],[-67.0823,44.7457],[-67.0866,44.7398],[-67.0941,44.7473],[-67.104,44.729],[-67.1132,44.7163],[-67.1692,44.6709],[-67.178,44.6676],[-67.1953,44.6633],[-67.2039,44.6573],[-67.2014,44.6536],[-67.1965,44.6442],[-67.2244,44.6442],[-67.2327,44.6468],[-67.2488,44.6555],[-67.2511,44.6573],[-67.262,44.6577],[-67.2691,44.6548],[-67.269,44.6463],[-67.2585,44.6299],[-67.2805,44.6314],[-67.2948,44.6396],[-67.3081,44.6498],[-67.3269,44.6573],[-67.3269,44.6647],[-67.311,44.6824],[-67.3141,44.7007],[-67.332,44.7095],[-67.361,44.6988],[-67.3474,44.6927],[-67.3608,44.6856],[-67.3733,44.6859],[-67.3851,44.6912],[-67.3957,44.6988],[-67.3894,44.6825],[-67.3776,44.6708],[-67.3713,44.6577],[-67.3821,44.6374],[-67.3672,44.6275],[-67.3704,44.6223],[-67.3794,44.6213],[-67.3821,44.6238],[-67.3984,44.6118],[-67.4045,44.6057],[-67.4094,44.5958],[-67.4221,44.615],[-67.4267,44.6394],[-67.4347,44.6592],[-67.4571,44.6647],[-67.4508,44.6476],[-67.4519,44.6323],[-67.4505,44.6194],[-67.4367,44.6095],[-67.4543,44.6046],[-67.4725,44.6031],[-67.49,44.6049],[-67.5056,44.6095],[-67.4995,44.6238],[-67.5057,44.6336],[-67.517,44.6349],[-67.5261,44.6238],[-67.5329,44.6238],[-67.5391,44.6462],[-67.5544,44.6441],[-67.5937,44.6163],[-67.5732,44.6175],[-67.5659,44.6098],[-67.5671,44.579],[-67.5693,44.5712],[-67.5732,44.5625],[-67.575,44.5535],[-67.5704,44.5449],[-67.569,44.5387],[-67.5779,44.5353],[-67.5898,44.5332],[-67.5974,44.531],[-67.6035,44.5281],[-67.6121,44.5266],[-67.6213,44.5264],[-67.6284,44.5275],[-67.6387,44.5317],[-67.6398,44.5348],[-67.6387,44.5393],[-67.6398,44.5476],[-67.6404,44.5549],[-67.6437,44.5639],[-67.649,44.5685],[-67.6592,44.5667],[-67.6686,44.5615],[-67.6837,44.548],[-67.7141,44.5008],[-67.728,44.5032],[-67.7402,44.5104],[-67.7488,44.522],[-67.752,44.5381],[-67.7405,44.5882],[-67.7446,44.5958],[-67.7556,44.5896],[-67.7861,44.5418],[-67.7833,44.5373],[-67.7861,44.5275],[-67.7902,44.5317],[-67.8005,44.5412],[-67.7964,44.5545],[-67.7855,44.5706],[-67.7793,44.5859],[-67.7827,44.6015],[-67.7905,44.5999],[-67.7996,44.5886],[-67.8066,44.5754],[-67.8172,44.5838],[-67.8284,44.5843],[-67.8371,44.5777],[-67.8459,44.5513],[-67.8573,44.5461],[-67.869,44.5445],[-67.8749,44.5418],[-67.8721,44.5301],[-67.8523,44.5087],[-67.8476,44.4971],[-67.8523,44.4825],[-67.8636,44.4794],[-67.8773,44.4824],[-67.8892,44.4866],[-67.885,44.4669],[-67.8996,44.4221],[-67.9022,44.3972],[-67.9213,44.4114],[-67.9235,44.4378],[-67.915,44.4663],[-67.9022,44.4866],[-67.9171,44.4816],[-67.928,44.4683],[-67.9347,44.4514],[-67.937,44.435],[-67.9344,44.4164],[-67.937,44.4086],[-67.9472,44.4143],[-67.9536,44.4191],[-67.959,44.4224],[-67.9628,44.4267],[-67.9643,44.435],[-67.9677,44.5008],[-67.9779,44.4991],[-67.9829,44.4942],[-67.9846,44.4863],[-67.9847,44.476],[-67.9888,44.4665],[-67.9982,44.4665],[-68.0158,44.4729],[-68.0288,44.4685],[-68.0159,44.4588],[-67.9847,44.4456],[-67.9844,44.4407],[-67.974,44.4135],[-67.9711,44.4108],[-67.9722,44.4038],[-67.9747,44.3953],[-67.9789,44.3879],[-67.9847,44.3835],[-67.9946,44.3835],[-67.9978,44.3893],[-67.9995,44.3955],[-68.0052,44.3972],[-68.015,44.3937],[-68.0153,44.3906],[-68.0141,44.3855],[-68.0195,44.3767],[-68.0503,44.3404],[-68.0605,44.3283],[-68.073,44.3383],[-68.0764,44.3494],[-68.0735,44.362],[-68.0666,44.3767],[-68.0824,44.3723],[-68.0884,44.3692],[-68.0975,44.3857],[-68.1074,44.4156],[-68.1124,44.4414],[-68.108,44.4636],[-68.1115,44.4801],[-68.1394,44.4866],[-68.1433,44.4893],[-68.1431,44.495],[-68.1435,44.5],[-68.1492,44.5008],[-68.1581,44.4968],[-68.1599,44.4917],[-68.1599,44.4859],[-68.1629,44.4791],[-68.1626,44.4736],[-68.1589,44.4668],[-68.1582,44.461],[-68.1666,44.4587],[-68.1816,44.4591],[-68.1873,44.4622],[-68.1896,44.4695],[-68.1902,44.4975],[-68.1936,44.52],[-68.202,44.5251],[-68.2175,44.5008],[-68.2198,44.4859],[-68.2192,44.472],[-68.2221,44.4663],[-68.2543,44.4935],[-68.2593,44.5042],[-68.2585,44.5207],[-68.2764,44.5205],[-68.2943,44.5278],[-68.3081,44.529],[-68.3137,44.5105],[-68.2815,44.4994],[-68.2698,44.4861],[-68.2864,44.4661],[-68.2814,44.4627],[-68.2783,44.459],[-68.2758,44.4553],[-68.2727,44.4519],[-68.3171,44.4512],[-68.3376,44.4551],[-68.3547,44.4661],[-68.3619,44.4458],[-68.3865,44.4243],[-68.3826,44.4108],[-68.4093,44.4046],[-68.423,44.4051],[-68.4267,44.4172],[-68.4233,44.471],[-68.4319,44.4866],[-68.4499,44.4937],[-68.4782,44.4934],[-68.4598,44.4621],[-68.4578,44.4487],[-68.4595,44.4429],[-68.4628,44.4387],[-68.4645,44.4343],[-68.4611,44.4282],[-68.456,44.4243],[-68.4519,44.4223],[-68.4497,44.4187],[-68.4503,44.4108],[-68.4552,44.4018],[-68.4648,44.3898],[-68.4741,44.3824],[-68.4782,44.3872],[-68.4781,44.4108],[-68.4801,44.4216],[-68.4851,44.4319],[-68.5044,44.4134],[-68.526,44.4056],[-68.5494,44.4057],[-68.5744,44.4108],[-68.563,44.4006],[-68.5515,44.3772],[-68.5431,44.3662],[-68.5418,44.3569],[-68.5561,44.33],[-68.5602,44.3183],[-68.5559,44.3062],[-68.5459,44.3024],[-68.5345,44.3006],[-68.526,44.2948],[-68.5209,44.28],[-68.5232,44.2696],[-68.532,44.2666],[-68.5465,44.2743],[-68.541,44.2637],[-68.5336,44.2564],[-68.5244,44.2509],[-68.5129,44.2464],[-68.5414,44.2373],[-68.6335,44.2963],[-68.6669,44.2982],[-68.6837,44.2945],[-68.7041,44.3051],[-68.732,44.3283],[-68.7562,44.3345],[-68.7918,44.3164],[-68.8208,44.3146],[-68.8118,44.3516],[-68.8039,44.3692],[-68.7898,44.3767],[-68.7803,44.3745],[-68.7709,44.3652],[-68.7628,44.3631],[-68.7533,44.3675],[-68.7543,44.3779],[-68.7604,44.3894],[-68.7662,44.3972],[-68.7532,44.405],[-68.742,44.4143],[-68.7353,44.4147],[-68.7148,44.4053],[-68.7048,44.404],[-68.6993,44.4097],[-68.7174,44.4316],[-68.7184,44.4456],[-68.7562,44.4309],[-68.7662,44.4245],[-68.7844,44.4028],[-68.7958,44.3926],[-68.8071,44.391],[-68.8162,44.4021],[-68.8144,44.418],[-68.8072,44.4341],[-68.8003,44.4456],[-68.7966,44.4485],[-68.7847,44.4538],[-68.7792,44.4587],[-68.7766,44.465],[-68.7749,44.4802],[-68.773,44.4866],[-68.7426,44.5373],[-68.7462,44.5549],[-68.7792,44.5617],[-68.7958,44.562],[-68.8016,44.5603],[-68.8071,44.5344],[-68.8276,44.4791],[-68.8214,44.4785],[-68.8071,44.4729],[-68.8247,44.461],[-68.8452,44.4538],[-68.8571,44.4561],[-68.8481,44.4729],[-68.8627,44.4754],[-68.8796,44.4685],[-68.9065,44.4487],[-68.9194,44.4414],[-68.9654,44.4319],[-68.9866,44.4212],[-68.9823,44.4136],[-68.9719,44.4058],[-68.9751,44.3941],[-68.9728,44.3838],[-68.9446,44.3488],[-68.9375,44.332],[-68.9455,44.3172],[-68.9641,44.3078],[-68.9846,44.3012],[-68.999,44.2948],[-69.0216,44.2478],[-69.0362,44.2326],[-69.0536,44.1849],[-69.0679,44.159],[-69.0777,44.145],[-69.0883,44.1365],[-69.0883,44.1303],[-69.0829,44.1153],[-69.0895,44.0981],[-69.0869,44.0867],[-69.0536,44.0893],[-69.0652,44.0676],[-69.0758,44.0525],[-69.0915,44.0438],[-69.1188,44.0409],[-69.1262,44.031],[-69.1306,44.0117],[-69.142,43.9987],[-69.1703,44.0074],[-69.1718,43.9972],[-69.1759,43.9914],[-69.1825,43.99],[-69.1914,43.9931],[-69.1996,43.9819],[-69.2036,43.9703],[-69.2017,43.96],[-69.1914,43.9522],[-69.227,43.9352],[-69.2385,43.9317],[-69.258,43.928],[-69.2634,43.9299],[-69.2596,43.9553],[-69.2292,43.991],[-69.2195,44.0085],[-69.2385,44.0074],[-69.2989,43.9504],[-69.3105,43.9416],[-69.3138,43.9543],[-69.3032,43.9812],[-69.314,43.9863],[-69.3283,43.9834],[-69.3533,43.9724],[-69.3695,43.9726],[-69.3533,43.9947],[-69.3472,44.0078],[-69.3518,44.0136],[-69.3694,44.0159],[-69.3701,44.0215],[-69.3518,44.0375],[-69.3473,44.0508],[-69.3542,44.0605],[-69.3643,44.0605],[-69.3695,44.0447],[-69.3766,44.0367],[-69.391,44.0319],[-69.4022,44.0266],[-69.3949,44.0024],[-69.4077,43.9943],[-69.4243,43.9916],[-69.4304,43.9931],[-69.4409,43.9814],[-69.4478,43.9676],[-69.4788,43.8803],[-69.4941,43.8511],[-69.5129,43.8349],[-69.5144,43.8557],[-69.5217,43.8703],[-69.5299,43.883],[-69.534,43.8976],[-69.5402,43.8976],[-69.5454,43.8833],[-69.5476,43.8679],[-69.5476,43.8349],[-69.5613,43.8491],[-69.5538,43.8566],[-69.5691,43.8684],[-69.5705,43.8779],[-69.5654,43.887],[-69.5613,43.8976],[-69.5598,43.9041],[-69.5549,43.9158],[-69.5538,43.9208],[-69.556,43.9277],[-69.5654,43.9343],[-69.5675,43.9416],[-69.5589,43.9646],[-69.529,44.0044],[-69.534,44.021],[-69.5449,44.0119],[-69.5541,43.9986],[-69.5675,43.9726],[-69.5806,43.957],[-69.5858,43.9485],[-69.5846,43.9416],[-69.5818,43.9346],[-69.5842,43.9258],[-69.5893,43.9173],[-69.5948,43.9112],[-69.5893,43.9048],[-69.5875,43.8972],[-69.5893,43.8896],[-69.5948,43.8832],[-69.5848,43.8707],[-69.5779,43.8557],[-69.576,43.839],[-69.5812,43.8218],[-69.5924,43.8077],[-69.5961,43.8159],[-69.5948,43.8491],[-69.6099,43.8396],[-69.6245,43.8384],[-69.6396,43.8445],[-69.6569,43.8566],[-69.6689,43.8671],[-69.6701,43.8736],[-69.6494,43.8976],[-69.6538,43.905],[-69.655,43.9105],[-69.6534,43.9162],[-69.6494,43.9243],[-69.6424,43.9213],[-69.6293,43.9192],[-69.6228,43.9174],[-69.6312,43.9292],[-69.6427,43.9335],[-69.6526,43.939],[-69.6569,43.9553],[-69.6537,43.9678],[-69.6364,44.0037],[-69.6301,44.008],[-69.6192,44.0175],[-69.6151,44.0259],[-69.6296,44.0273],[-69.6432,44.021],[-69.657,44.0092],[-69.7497,43.9007],[-69.7592,43.8864],[-69.7527,43.8791],[-69.7403,43.8749],[-69.732,43.8696],[-69.7297,43.8559],[-69.7327,43.8419],[-69.7463,43.8144],[-69.7359,43.8206],[-69.7224,43.8442],[-69.7121,43.8491],[-69.7047,43.842],[-69.7073,43.8269],[-69.7307,43.7759],[-69.745,43.7588],[-69.758,43.7595],[-69.7668,43.7876],[-69.7662,43.7949],[-69.7636,43.7989],[-69.7607,43.8016],[-69.7593,43.8044],[-69.7615,43.8115],[-69.7663,43.8137],[-69.7712,43.8137],[-69.7735,43.8144],[-69.7804,43.8628],[-69.7836,43.8735],[-69.7907,43.8867],[-69.7941,43.8976],[-69.7953,43.9104],[-69.7949,43.9221],[-69.7957,43.9335],[-69.8009,43.9447],[-69.8034,43.9649],[-69.8073,43.9831],[-69.8047,43.9975],[-69.8021,44.0144],[-69.7904,44.0287],[-69.7812,44.0365],[-69.7708,44.0456],[-69.7682,44.0535],[-69.7682,44.0587],[-69.7747,44.06],[-69.7825,44.0574],[-69.7891,44.0495],[-69.7995,44.0443],[-69.8177,44.0365],[-69.845,44.0105],[-69.8646,43.9975],[-69.875,43.987],[-69.8828,43.9766],[-69.8828,43.9636],[-69.8724,43.9584],[-69.8542,43.9584],[-69.8411,43.9662],[-69.832,43.974],[-69.8255,43.9701],[-69.8216,43.961],[-69.8151,43.9337],[-69.8022,43.8605],[-69.8009,43.8252],[-69.7919,43.791],[-69.7825,43.7729],[-69.7804,43.7635],[-69.7873,43.7375],[-69.7906,43.7331],[-69.8032,43.7297],[-69.8142,43.7212],[-69.8229,43.7099],[-69.8282,43.6983],[-69.8393,43.7093],[-69.8418,43.7403],[-69.8521,43.7467],[-69.8579,43.7543],[-69.8584,43.7708],[-69.8555,43.7939],[-69.8518,43.8008],[-69.847,43.8037],[-69.843,43.8078],[-69.8413,43.8181],[-69.8446,43.8268],[-69.8596,43.8365],[-69.863,43.8457],[-69.8602,43.8562],[-69.8562,43.8621],[-69.8571,43.8657],[-69.8691,43.8696],[-69.8793,43.8706],[-69.8885,43.8684],[-69.8968,43.8636],[-69.9039,43.8566],[-69.8917,43.8513],[-69.8813,43.844],[-69.8754,43.8323],[-69.876,43.8144],[-69.883,43.8006],[-69.8948,43.7893],[-69.9056,43.7873],[-69.9101,43.8013],[-69.9511,43.7604],[-69.9582,43.7563],[-69.9653,43.7546],[-69.9707,43.7515],[-69.9744,43.735],[-69.9785,43.7294],[-69.9849,43.7263],[-69.9927,43.7256],[-69.9263,43.8286],[-69.9307,43.8491],[-69.9421,43.8415],[-69.9584,43.8218],[-69.9728,43.7995],[-69.979,43.784],[-69.9829,43.7674],[-69.9934,43.7518],[-70.0089,43.7412],[-70.0275,43.7399],[-70.0095,43.7669],[-69.9626,43.821],[-69.9511,43.8491],[-69.9731,43.8471],[-70.0064,43.8271],[-70.02,43.8286],[-70.0109,43.8333],[-70.0007,43.8408],[-69.9917,43.8509],[-69.9858,43.8628],[-69.9994,43.8615],[-70.0117,43.8557],[-70.0223,43.8472],[-70.0396,43.8301],[-70.05,43.824],[-70.0747,43.8144],[-70.088,43.8111],[-70.0989,43.8099],[-70.1088,43.8067],[-70.1609,43.7665],[-70.1826,43.7571],[-70.2087,43.7153],[-70.2391,43.7001],[-70.2385,43.687],[-70.2338,43.673],[-70.2323,43.6642],[-70.2429,43.6539],[-70.2567,43.6501],[-70.2869,43.6505],[-70.2869,43.6431],[-70.2578,43.6405],[-70.2316,43.6415],[-70.2109,43.635],[-70.1981,43.6096],[-70.1982,43.5987],[-70.2029,43.5676],[-70.2049,43.5611],[-70.2202,43.5591],[-70.2458,43.5498],[-70.2602,43.5475],[-70.2559,43.5544],[-70.2527,43.5611],[-70.2715,43.5569],[-70.2926,43.5345],[-70.308,43.527],[-70.3105,43.5484],[-70.3254,43.5495],[-70.3437,43.5395],[-70.3564,43.527],[-70.3674,43.5053],[-70.3707,43.4864],[-70.3684,43.4672],[-70.3626,43.4451],[-70.3432,43.4543],[-70.3328,43.4575],[-70.3216,43.4587],[-70.3216,43.4525],[-70.3352,43.4473],[-70.3469,43.4394],[-70.3664,43.4208],[-70.3695,43.4155],[-70.3735,43.4019],[-70.3763,43.3972],[-70.3824,43.3937],[-70.395,43.3926],[-70.4036,43.3898],[-70.4226,43.3769],[-70.4377,43.363],[-70.4545,43.3506],[-70.4787,43.3426],[-70.5087,43.3415],[-70.5195,43.3395],[-70.5305,43.3318],[-70.5619,43.3011],[-70.5705,43.2985],[-70.5817,43.2749],[-70.5831,43.2509],[-70.5689,43.229],[-70.5836,43.2139],[-70.5968,43.1955],[-70.5826,43.1886],[-70.5995,43.1822],[-70.6117,43.173],[-70.631,43.1471],[-70.6601,43.0941],[-70.6719,43.0856],[-70.6871,43.0921],[-70.7003,43.1085],[-70.7147,43.1219],[-70.7334,43.1204],[-70.7313,43.1147],[-70.7423,43.088],[-70.7441,43.0838],[-70.7719,43.1075],[-70.8064,43.1367],[-70.8251,43.1615],[-70.8259,43.1675],[-70.8246,43.1786],[-70.8146,43.2089],[-70.8133,43.2168],[-70.8136,43.2256],[-70.8171,43.2399],[-70.8219,43.2471],[-70.828,43.2523],[-70.8667,43.271],[-70.8975,43.3048],[-70.9298,43.3402],[-70.9607,43.3666],[-70.9674,43.3748],[-70.9726,43.3831],[-70.9768,43.3945],[-70.9779,43.4022],[-70.9778,43.4091],[-70.9764,43.415],[-70.9666,43.4396],[-70.9636,43.4507],[-70.9648,43.4674],[-70.9677,43.4819],[-70.9676,43.4907],[-70.9666,43.4969],[-70.9647,43.5018],[-70.9622,43.516],[-70.9624,43.5311],[-70.9578,43.5622],[-70.96,43.5922],[-70.9639,43.6458],[-70.9678,43.6993],[-70.9717,43.7528],[-70.9756,43.8063],[-70.9795,43.8598],[-70.9834,43.9133],[-70.9873,43.9668],[-70.9912,44.0203],[-70.9952,44.0739],[-70.999,44.1273],[-71.0029,44.1809],[-71.0069,44.2344],[-71.0108,44.2879],[-71.0147,44.3414],[-71.0186,44.3949],[-71.0225,44.4484],[-71.0264,44.502],[-71.0303,44.5555],[-71.0342,44.609],[-71.0381,44.6625],[-71.042,44.716],[-71.0459,44.7695],[-71.0498,44.8231],[-71.0537,44.8766],[-71.0576,44.9301],[-71.0615,44.9836],[-71.0654,45.0371],[-71.0693,45.0906],[-71.0733,45.1442],[-71.0772,45.1977],[-71.0811,45.2511],[-71.085,45.3043]]],[[[-69.6641,43.7891],[-69.6849,43.8113],[-69.6888,43.8282],[-69.6732,43.8529],[-69.6471,43.8373],[-69.6484,43.8191],[-69.6523,43.7904],[-69.6641,43.7891]]],[[[-69.6693,43.9558],[-69.6693,43.9428],[-69.681,43.9337],[-69.6901,43.905],[-69.6901,43.9049],[-69.6902,43.9047],[-69.6902,43.9044],[-69.6903,43.9041],[-69.6904,43.9037],[-69.6905,43.9033],[-69.6906,43.9028],[-69.6907,43.9022],[-69.6908,43.9016],[-69.6909,43.901],[-69.6911,43.9003],[-69.6913,43.8995],[-69.6914,43.8987],[-69.6916,43.8979],[-69.6918,43.8971],[-69.692,43.8962],[-69.6922,43.8953],[-69.6924,43.8943],[-69.6926,43.8934],[-69.6929,43.8924],[-69.6931,43.8914],[-69.6933,43.8904],[-69.6936,43.8894],[-69.6938,43.8884],[-69.6941,43.8874],[-69.6944,43.8864],[-69.6946,43.8854],[-69.6949,43.8844],[-69.6952,43.8834],[-69.6954,43.8824],[-69.6957,43.8814],[-69.696,43.8804],[-69.6963,43.8795],[-69.6965,43.8786],[-69.6968,43.8777],[-69.6971,43.8769],[-69.6974,43.876],[-69.6977,43.8753],[-69.6979,43.8745],[-69.6982,43.8738],[-69.6985,43.8732],[-69.6987,43.8725],[-69.699,43.872],[-69.6993,43.8715],[-69.6995,43.871],[-69.6998,43.8706],[-69.7,43.8703],[-69.7003,43.8701],[-69.7005,43.8699],[-69.701,43.8695],[-69.7013,43.8693],[-69.7016,43.8691],[-69.7019,43.8689],[-69.7022,43.8687],[-69.7025,43.8685],[-69.7028,43.8683],[-69.7032,43.868],[-69.7035,43.8678],[-69.7039,43.8675],[-69.7042,43.8673],[-69.7046,43.867],[-69.705,43.8667],[-69.7053,43.8665],[-69.7057,43.8662],[-69.7061,43.8659],[-69.7065,43.8656],[-69.7069,43.8653],[-69.7072,43.8651],[-69.7076,43.8648],[-69.708,43.8645],[-69.7084,43.8642],[-69.7088,43.8639],[-69.7091,43.8637],[-69.7095,43.8634],[-69.7099,43.8631],[-69.7102,43.8629],[-69.7106,43.8626],[-69.7109,43.8624],[-69.7112,43.8621],[-69.7116,43.8619],[-69.7119,43.8616],[-69.7122,43.8614],[-69.7125,43.8612],[-69.7128,43.861],[-69.713,43.8608],[-69.7133,43.8606],[-69.7135,43.8604],[-69.7137,43.8603],[-69.7139,43.8601],[-69.7141,43.86],[-69.7143,43.8599],[-69.7144,43.8598],[-69.7145,43.8597],[-69.7146,43.8596],[-69.7147,43.8595],[-69.7148,43.8594],[-69.7213,43.8725],[-69.7305,43.8907],[-69.7226,43.9076],[-69.7005,43.9272],[-69.694,43.9454],[-69.6784,43.9675],[-69.6693,43.9558]]],[[[-68.6068,44.0886],[-68.6016,44.0704],[-68.5989,44.0469],[-68.6081,44.0235],[-68.6341,44.0183],[-68.6562,44.0105],[-68.6628,44.0196],[-68.6601,44.0326],[-68.6536,44.0522],[-68.651,44.0652],[-68.6406,44.0782],[-68.6263,44.0912],[-68.6068,44.0886]]],[[[-68.8112,44.1485],[-68.8242,44.1446],[-68.8411,44.1381],[-68.8516,44.1251],[-68.8633,44.1199],[-68.888,44.1303],[-68.901,44.1342],[-68.9193,44.1251],[-68.9375,44.1055],[-68.9427,44.1173],[-68.9401,44.1251],[-68.9284,44.142],[-68.8893,44.1641],[-68.8568,44.1811],[-68.8203,44.1785],[-68.8112,44.1693],[-68.8112,44.1485]]],[[[-68.3906,44.1628],[-68.3919,44.1459],[-68.4036,44.1342],[-68.4323,44.129],[-68.4427,44.1446],[-68.4544,44.1511],[-68.4635,44.1498],[-68.4896,44.1407],[-68.5026,44.1485],[-68.5065,44.1602],[-68.4922,44.1693],[-68.4753,44.1667],[-68.4726,44.1772],[-68.4596,44.185],[-68.444,44.1811],[-68.4388,44.1745],[-68.4271,44.1758],[-68.4167,44.1824],[-68.4023,44.1758],[-68.3906,44.1628]]],[[[-68.9206,44.237],[-68.9336,44.2357],[-68.9336,44.2436],[-68.9271,44.267],[-68.9245,44.2813],[-68.9414,44.2813],[-68.9427,44.2904],[-68.9245,44.3074],[-68.901,44.3113],[-68.8854,44.2995],[-68.901,44.28],[-68.9206,44.237]]],[[[-68.4896,44.3477],[-68.487,44.3347],[-68.4753,44.3243],[-68.4844,44.3139],[-68.4974,44.3204],[-68.5091,44.323],[-68.5221,44.323],[-68.5299,44.3308],[-68.5299,44.3451],[-68.5247,44.3594],[-68.5195,44.3673],[-68.5117,44.379],[-68.5026,44.3803],[-68.4961,44.3764],[-68.4922,44.3647],[-68.4896,44.3477]]],[[[-68.8685,44.3816],[-68.8594,44.3581],[-68.8685,44.3477],[-68.8854,44.3308],[-68.9036,44.3191],[-68.9167,44.3321],[-68.9167,44.3451],[-68.9114,44.366],[-68.8997,44.3777],[-68.8841,44.392],[-68.8685,44.3816]]],[[[-67.5664,44.461],[-67.5846,44.4441],[-67.5937,44.4571],[-67.6055,44.4831],[-67.6159,44.5053],[-67.6146,44.5144],[-67.6003,44.5183],[-67.582,44.5144],[-67.5781,44.491],[-67.5664,44.4792],[-67.5664,44.461]]],[[[-67.2838,44.6199],[-67.2708,44.6133],[-67.276,44.6029],[-67.3021,44.5964],[-67.3216,44.6029],[-67.319,44.612],[-67.3034,44.6251],[-67.2838,44.6199]]],[[[-67.0451,44.9272],[-67.0451,44.9445],[-67.0382,44.9549],[-67.0295,44.9445],[-67.0034,44.9254],[-66.9861,44.9098],[-66.9896,44.8976],[-67.0121,44.8994],[-67.0173,44.908],[-67.0451,44.9272]]],[[[-68.8481,44.0955],[-68.8274,44.0898],[-68.7827,44.0847],[-68.773,44.0819],[-68.7746,44.0619],[-68.7867,44.0524],[-68.8006,44.0466],[-68.8071,44.0375],[-68.8155,44.0319],[-68.8346,44.0351],[-68.8693,44.0484],[-68.8601,44.0652],[-68.868,44.0794],[-68.8867,44.0899],[-68.9102,44.0955],[-68.9016,44.114],[-68.8841,44.1138],[-68.8481,44.0955]]],[[[-68.6421,44.26],[-68.6231,44.2499],[-68.6165,44.2371],[-68.6143,44.224],[-68.6085,44.2128],[-68.6201,44.2084],[-68.6443,44.2032],[-68.6564,44.1992],[-68.6506,44.1903],[-68.6431,44.1846],[-68.6228,44.1775],[-68.6228,44.1713],[-68.6621,44.1562],[-68.682,44.1526],[-68.7163,44.1673],[-68.7202,44.1721],[-68.7146,44.1812],[-68.7109,44.1905],[-68.7133,44.201],[-68.7246,44.2191],[-68.7163,44.2185],[-68.6989,44.2197],[-68.6905,44.2191],[-68.6951,44.2286],[-68.6968,44.2395],[-68.6953,44.2504],[-68.6905,44.26],[-68.6789,44.2696],[-68.6675,44.2701],[-68.6421,44.26]]],[[[-68.2448,44.4245],[-68.2419,44.405],[-68.1853,44.357],[-68.1765,44.3283],[-68.1989,44.3086],[-68.2408,44.2945],[-68.2833,44.2924],[-68.3069,44.3084],[-68.3137,44.3084],[-68.3201,44.2849],[-68.3094,44.2709],[-68.2965,44.2611],[-68.2963,44.2501],[-68.3088,44.2379],[-68.326,44.2259],[-68.3413,44.2236],[-68.3478,44.2402],[-68.3523,44.2381],[-68.3638,44.2347],[-68.3684,44.2327],[-68.3801,44.2464],[-68.4141,44.2586],[-68.4236,44.2743],[-68.4085,44.2783],[-68.4055,44.2853],[-68.4124,44.2919],[-68.4273,44.2948],[-68.4348,44.3],[-68.4339,44.312],[-68.4287,44.3257],[-68.4101,44.3601],[-68.4014,44.3718],[-68.3926,44.3767],[-68.3789,44.3795],[-68.3675,44.3864],[-68.3643,44.3953],[-68.3758,44.4041],[-68.355,44.4233],[-68.3159,44.437],[-68.274,44.4393],[-68.2448,44.4245]]]]}},{"type":"Feature","properties":{"code":"NB","kind":"land"},"geometry":{"type":"MultiPolygon","coordinates":[[[[-67.176,45.1787],[-67.2062,45.1894],[-67.2191,45.1921],[-67.2424,45.2026],[-67.255,45.205],[-67.2673,45.2025],[-67.2772,45.1951],[-67.2792,45.1874],[-67.2796,45.1791],[-67.2846,45.1697],[-67.3192,45.1539],[-67.3563,45.1659],[-67.3905,45.1931],[-67.4276,45.2366],[-67.4713,45.2663],[-67.475,45.2824],[-67.4687,45.3018],[-67.4591,45.3184],[-67.4346,45.3503],[-67.4288,45.3871],[-67.4823,45.4555],[-67.4932,45.4931],[-67.4675,45.5083],[-67.443,45.5222],[-67.4262,45.5334],[-67.4221,45.5688],[-67.4313,45.5979],[-67.45,45.6108],[-67.4758,45.613],[-67.5064,45.6098],[-67.5519,45.6104],[-67.6075,45.6201],[-67.6603,45.6374],[-67.6908,45.6538],[-67.7048,45.6642],[-67.7105,45.6754],[-67.7174,45.6854],[-67.728,45.6923],[-67.7355,45.6908],[-67.7407,45.6836],[-67.748,45.6778],[-67.7618,45.6801],[-67.7861,45.6912],[-67.8001,45.6998],[-67.807,45.7129],[-67.8111,45.7665],[-67.8063,45.7818],[-67.7941,45.7992],[-67.7799,45.8157],[-67.7728,45.8281],[-67.7761,45.8408],[-67.7926,45.8589],[-67.7992,45.8757],[-67.7874,45.89],[-67.7694,45.904],[-67.7578,45.9195],[-67.7597,45.9286],[-67.7675,45.936],[-67.7766,45.9429],[-67.7828,45.9505],[-67.7846,45.9601],[-67.7871,46.0946],[-67.7897,46.229],[-67.7923,46.3635],[-67.7948,46.4979],[-67.7974,46.6323],[-67.8,46.7668],[-67.8025,46.9012],[-67.8052,47.0356],[-67.8087,47.0751],[-67.8136,47.0819],[-67.8547,47.0979],[-67.8706,47.1074],[-67.8991,47.1388],[-67.9434,47.1645],[-67.95,47.1729],[-67.9537,47.1866],[-67.9624,47.1977],[-67.9932,47.2232],[-68.0394,47.2452],[-68.1014,47.2862],[-68.1154,47.2923],[-68.1451,47.3015],[-68.1561,47.3067],[-68.1843,47.3331],[-68.197,47.3414],[-68.2464,47.3606],[-68.2997,47.3678],[-68.3478,47.3585],[-68.382,47.3278],[-68.3848,47.3159],[-68.3834,47.3071],[-68.3856,47.3017],[-68.4102,47.2974],[-68.4226,47.2931],[-68.4353,47.2913],[-68.4667,47.3057],[-68.492,47.3076],[-68.518,47.3048],[-68.5397,47.2999],[-68.5852,47.2825],[-68.6079,47.2698],[-68.6256,47.2552],[-68.6442,47.2453],[-68.6688,47.2434],[-68.7178,47.2452],[-68.7618,47.237],[-68.8897,47.1906],[-68.9062,47.1902],[-69.0402,47.2491],[-69.0575,47.2695],[-69.0636,47.2908],[-69.0544,47.2942],[-68.9833,47.3152],[-68.91,47.3299],[-68.8364,47.3438],[-68.7646,47.3626],[-68.7194,47.3776],[-68.6743,47.3924],[-68.6291,47.4073],[-68.5838,47.4222],[-68.5527,47.4369],[-68.5223,47.4574],[-68.493,47.4801],[-68.465,47.501],[-68.4363,47.5184],[-68.4081,47.5363],[-68.3868,47.5583],[-68.3792,47.5879],[-68.3779,47.6081],[-68.3779,47.6292],[-68.3779,47.6666],[-68.3779,47.704],[-68.3779,47.7414],[-68.3779,47.7788],[-68.3779,47.8162],[-68.3779,47.8536],[-68.3779,47.8909],[-68.3779,47.9283],[-68.3448,47.9283],[-68.3118,47.9283],[-68.2787,47.9283],[-68.2457,47.9283],[-68.2126,47.9283],[-68.1796,47.9283],[-68.1465,47.9283],[-68.1135,47.9283],[-68.1135,47.937],[-68.1135,47.9457],[-68.1135,47.9543],[-68.1135,47.963],[-68.1135,47.9716],[-68.1135,47.9802],[-68.1135,47.9889],[-68.1135,47.9975],[-68.0528,47.9975],[-67.9921,47.9975],[-67.9314,47.9975],[-67.8708,47.9975],[-67.8101,47.9975],[-67.7494,47.9975],[-67.6888,47.9975],[-67.6281,47.9975],[-67.6128,47.9975],[-67.6115,47.9924],[-67.6092,47.9809],[-67.607,47.9688],[-67.6058,47.9618],[-67.6068,47.9509],[-67.6089,47.9433],[-67.606,47.9381],[-67.5916,47.9343],[-67.5669,47.9304],[-67.5439,47.9257],[-67.5212,47.9198],[-67.4971,47.9119],[-67.4827,47.9061],[-67.4686,47.8996],[-67.4545,47.8933],[-67.4398,47.8884],[-67.4314,47.8863],[-67.4229,47.8841],[-67.4149,47.8813],[-67.4071,47.8771],[-67.4017,47.871],[-67.3989,47.8633],[-67.3962,47.8557],[-67.3913,47.8499],[-67.3637,47.8393],[-67.3509,47.8496],[-67.3438,47.8698],[-67.3336,47.8889],[-67.3199,47.8961],[-67.3044,47.8958],[-67.2884,47.8926],[-67.2727,47.8909],[-67.2577,47.8924],[-67.246,47.8941],[-67.2342,47.8937],[-67.2187,47.8894],[-67.2029,47.8853],[-67.188,47.885],[-67.1733,47.8875],[-67.1576,47.8916],[-67.1441,47.8964],[-67.1339,47.9017],[-67.1245,47.9074],[-67.1138,47.9134],[-67.0952,47.921],[-67.0731,47.9266],[-67.0504,47.9291],[-67.0297,47.927],[-67.0123,47.9179],[-66.9874,47.9034],[-66.9616,47.8945],[-66.9419,47.9023],[-66.9392,47.9171],[-66.9457,47.9321],[-66.9494,47.9486],[-66.9385,47.9678],[-66.9191,47.9815],[-66.8942,47.9921],[-66.8677,47.9977],[-66.8436,47.9967],[-66.843,47.9968],[-66.8341,47.9929],[-66.8175,47.9915],[-66.7864,47.9922],[-66.7499,47.9858],[-66.7315,47.9865],[-66.6858,48.0076],[-66.6135,48.0108],[-66.5844,48.0232],[-66.5576,48.0382],[-66.3859,48.0751],[-66.3553,48.0693],[-66.3619,48.0406],[-66.3451,48.0214],[-66.319,48.0111],[-66.2894,48.0067],[-66.262,48.0058],[-66.2542,48.0011],[-66.2467,47.9918],[-66.2384,47.9852],[-66.2159,47.9932],[-66.2023,47.9902],[-66.1769,47.9791],[-65.9709,47.9239],[-65.8661,47.9169],[-65.8179,47.9074],[-65.7722,47.8829],[-65.7412,47.8486],[-65.6897,47.7247],[-65.6778,47.7087],[-65.6636,47.6955],[-65.6288,47.6706],[-65.6636,47.6575],[-65.6692,47.6564],[-65.6671,47.6453],[-65.6581,47.6376],[-65.6463,47.6308],[-65.6357,47.6223],[-65.6061,47.6564],[-65.5911,47.6692],[-65.5668,47.6775],[-65.499,47.6793],[-65.4774,47.6837],[-65.4374,47.7062],[-65.3636,47.762],[-65.285,47.7817],[-65.2093,47.8197],[-65.0257,47.8496],[-64.9778,47.842],[-65.0546,47.803],[-65.0734,47.7799],[-65.0607,47.7813],[-65.0397,47.7862],[-64.9902,47.7906],[-64.9061,47.8107],[-64.8563,47.8159],[-64.8263,47.8155],[-64.8,47.8093],[-64.786,47.7936],[-64.7897,47.7713],[-64.8094,47.7614],[-64.8605,47.7594],[-64.8605,47.7525],[-64.842,47.7481],[-64.8026,47.746],[-64.786,47.739],[-64.7834,47.7332],[-64.7823,47.7166],[-64.7785,47.711],[-64.7639,47.7081],[-64.7577,47.7149],[-64.7569,47.7231],[-64.7587,47.7247],[-64.7574,47.7322],[-64.7608,47.7455],[-64.7587,47.7525],[-64.753,47.7573],[-64.7357,47.7645],[-64.7308,47.7656],[-64.7183,47.7616],[-64.6802,47.7413],[-64.6686,47.7321],[-64.6849,47.7227],[-64.7394,47.7014],[-64.7512,47.7008],[-64.7576,47.6864],[-64.7733,47.6833],[-64.7934,47.6831],[-64.8126,47.6775],[-64.8092,47.6745],[-64.7996,47.6638],[-64.8087,47.6586],[-64.8118,47.6533],[-64.8087,47.6479],[-64.7996,47.6427],[-64.814,47.6216],[-64.8288,47.6059],[-64.8678,47.5744],[-64.8758,47.5705],[-64.8848,47.5672],[-64.8922,47.5615],[-64.8952,47.5502],[-64.8955,47.5426],[-64.8971,47.5371],[-64.9088,47.5198],[-64.8741,47.5198],[-64.8896,47.4997],[-64.9245,47.4675],[-64.9293,47.4509],[-64.9152,47.4648],[-64.902,47.4715],[-64.8871,47.4765],[-64.8678,47.4857],[-64.8932,47.4219],[-64.9088,47.3553],[-64.9123,47.3658],[-64.9117,47.3759],[-64.9079,47.386],[-64.9059,47.3945],[-64.9088,47.4025],[-64.9279,47.3934],[-64.9391,47.3788],[-64.9481,47.3616],[-64.9604,47.3448],[-64.9617,47.3319],[-64.9584,47.3123],[-64.9596,47.2943],[-64.974,47.2864],[-65.0199,47.2824],[-65.043,47.2752],[-65.0613,47.2519],[-65.0985,47.2364],[-65.1068,47.2216],[-65.1225,47.2027],[-65.3315,47.1006],[-65.3675,47.0946],[-65.3675,47.0878],[-65.2843,47.0809],[-65.2448,47.0819],[-65.203,47.0946],[-65.2046,47.0805],[-65.2103,47.0648],[-65.2132,47.0521],[-65.2065,47.0468],[-65.149,47.0537],[-65.0631,47.0906],[-65.0323,47.0946],[-65.015,47.0885],[-64.9983,47.065],[-64.9845,47.0599],[-64.9652,47.0631],[-64.9547,47.0708],[-64.9471,47.0801],[-64.9368,47.0878],[-64.9086,47.0928],[-64.8254,47.0891],[-64.7996,47.0816],[-64.8255,47.0635],[-64.8211,47.0414],[-64.8076,47.0152],[-64.8065,46.9854],[-64.8169,46.9771],[-64.8527,46.9627],[-64.8952,46.9165],[-64.9058,46.8869],[-64.9044,46.8588],[-64.8949,46.8321],[-64.8815,46.8066],[-64.8649,46.7832],[-64.8443,46.7632],[-64.7921,46.7247],[-64.8189,46.7248],[-64.8394,46.7169],[-64.8519,46.7008],[-64.8542,46.6763],[-64.8474,46.6763],[-64.8327,46.6994],[-64.8019,46.6956],[-64.7512,46.6701],[-64.7579,46.6903],[-64.7492,46.6998],[-64.7322,46.6988],[-64.7136,46.6872],[-64.7068,46.6723],[-64.7054,46.6518],[-64.7103,46.6149],[-64.7198,46.5763],[-64.7174,46.556],[-64.7003,46.5472],[-64.6903,46.5386],[-64.6798,46.5196],[-64.6777,46.5006],[-64.6932,46.492],[-64.7021,46.4898],[-64.7087,46.4851],[-64.7111,46.4805],[-64.7071,46.4783],[-64.7019,46.4765],[-64.6942,46.4674],[-64.6898,46.464],[-64.6822,46.4634],[-64.6769,46.4665],[-64.6728,46.47],[-64.6686,46.4709],[-64.6547,46.4637],[-64.6362,46.4508],[-64.6202,46.4351],[-64.6134,46.4193],[-64.6146,46.3822],[-64.6188,46.368],[-64.6277,46.3542],[-64.6455,46.3404],[-64.6636,46.3367],[-64.6829,46.3351],[-64.704,46.3275],[-64.6834,46.3285],[-64.6726,46.3274],[-64.6652,46.3238],[-64.6572,46.321],[-64.6472,46.3244],[-64.6277,46.3336],[-64.5889,46.3354],[-64.5749,46.3387],[-64.5799,46.348],[-64.5585,46.3691],[-64.5365,46.3515],[-64.5234,46.3216],[-64.5284,46.3057],[-64.5553,46.2986],[-64.5636,46.2797],[-64.5594,46.2238],[-64.535,46.235],[-64.514,46.2394],[-64.4054,46.2381],[-64.3992,46.2361],[-64.3875,46.2267],[-64.3806,46.2238],[-64.3704,46.2237],[-64.3626,46.2261],[-64.3555,46.2292],[-64.3472,46.2313],[-64.2533,46.2344],[-64.2373,46.2313],[-64.185,46.2102],[-64.1628,46.1951],[-64.1691,46.1835],[-64.1613,46.17],[-64.1513,46.1663],[-64.1274,46.1698],[-64.1267,46.1741],[-64.1193,46.1823],[-64.1109,46.1868],[-64.1041,46.1739],[-64.0973,46.1685],[-64.0827,46.1593],[-64.078,46.1635],[-64.0497,46.1789],[-64.038,46.1835],[-64.0226,46.1853],[-63.9732,46.1835],[-63.9463,46.1788],[-63.8943,46.1566],[-63.8131,46.1403],[-63.7903,46.131],[-63.7711,46.1152],[-63.7918,46.0995],[-63.813,46.0939],[-63.8605,46.0873],[-63.8665,46.0829],[-63.8854,46.0657],[-63.8946,46.06],[-63.9056,46.058],[-64.0638,46.0618],[-64.0727,46.06],[-64.0765,46.0535],[-64.0765,46.0446],[-64.0797,46.0365],[-64.0933,46.0326],[-64.0839,46.0224],[-64.0523,46.0014],[-64.0427,45.992],[-64.0513,45.9768],[-64.0733,45.9732],[-64.0993,45.975],[-64.1197,45.9764],[-64.141,45.9725],[-64.1595,45.9638],[-64.1751,45.95],[-64.187,45.9313],[-64.1985,45.9157],[-64.2136,45.904],[-64.2298,45.8935],[-64.2447,45.8813],[-64.2524,45.8697],[-64.2581,45.8566],[-64.2642,45.8445],[-64.273,45.8359],[-64.2733,45.8358],[-64.2734,45.8357],[-64.2762,45.8418],[-64.3216,45.8778],[-64.3347,45.8851],[-64.3472,45.8887],[-64.3615,45.8851],[-64.366,45.876],[-64.3591,45.8681],[-64.3397,45.8681],[-64.3397,45.8607],[-64.369,45.8467],[-64.4195,45.7912],[-64.4464,45.7788],[-64.4642,45.7728],[-64.4715,45.7585],[-64.4748,45.7416],[-64.4809,45.7279],[-64.495,45.721],[-64.5139,45.7206],[-64.5325,45.7248],[-64.5458,45.7316],[-64.5263,45.7425],[-64.5085,45.7662],[-64.4955,45.7937],[-64.4905,45.8167],[-64.4962,45.8248],[-64.523,45.8397],[-64.5315,45.847],[-64.5362,45.8615],[-64.5358,45.8738],[-64.5315,45.9022],[-64.5484,45.8836],[-64.5609,45.8787],[-64.5724,45.8856],[-64.6298,45.9545],[-64.6488,45.9706],[-64.67,45.9831],[-64.6788,45.991],[-64.6823,46.0016],[-64.683,46.0255],[-64.6852,46.0362],[-64.6898,46.0463],[-64.704,46.0622],[-64.7261,46.0791],[-64.7487,46.0899],[-64.7649,46.0873],[-64.7103,46.0496],[-64.6966,46.0326],[-64.7057,46.0179],[-64.708,46.008],[-64.7037,45.9994],[-64.6932,45.9883],[-64.6686,45.9706],[-64.6641,45.9649],[-64.6566,45.9529],[-64.6522,45.9508],[-64.6354,45.9452],[-64.6261,45.932],[-64.6134,45.9022],[-64.6016,45.8906],[-64.5787,45.8727],[-64.5724,45.8607],[-64.5854,45.8259],[-64.6132,45.8004],[-64.6465,45.7777],[-64.6761,45.7515],[-64.6665,45.7459],[-64.6499,45.7304],[-64.6413,45.7242],[-64.6534,45.7206],[-64.6762,45.7262],[-64.6898,45.7242],[-64.6968,45.7158],[-64.7078,45.689],[-64.7136,45.6832],[-64.7292,45.6733],[-64.7563,45.6278],[-64.7716,45.6143],[-64.7848,45.6132],[-64.7903,45.6187],[-64.7952,45.6273],[-64.8065,45.6354],[-64.8176,45.6374],[-64.8828,45.6336],[-64.9048,45.6282],[-64.9244,45.6197],[-64.943,45.6081],[-64.9945,45.5591],[-65.0153,45.5528],[-65.0352,45.5504],[-65.1843,45.5104],[-65.3151,45.4592],[-65.4892,45.3716],[-65.5194,45.3646],[-65.5292,45.3577],[-65.5362,45.348],[-65.5388,45.3371],[-65.545,45.3296],[-65.5592,45.3248],[-65.6186,45.3157],[-65.6288,45.3126],[-65.6607,45.2945],[-65.6975,45.2852],[-65.733,45.2533],[-65.7523,45.2444],[-65.7613,45.2472],[-65.7825,45.2619],[-65.7933,45.2649],[-65.8041,45.2601],[-65.8266,45.2417],[-65.8529,45.233],[-65.8883,45.2139],[-65.9094,45.2103],[-65.9293,45.213],[-65.9606,45.222],[-65.9814,45.2239],[-65.9956,45.2303],[-66.0059,45.2449],[-66.0186,45.2716],[-66.0396,45.2851],[-66.136,45.3126],[-66.0336,45.3704],[-66.0019,45.3986],[-65.9984,45.4068],[-65.9976,45.418],[-65.9988,45.4396],[-66.0008,45.4498],[-66.0053,45.4594],[-66.0098,45.4643],[-66.0118,45.4604],[-66.0204,45.4493],[-66.0584,45.4227],[-66.0697,45.4003],[-66.0875,45.3747],[-66.0894,45.37],[-66.089,45.3647],[-66.0897,45.3592],[-66.095,45.3542],[-66.1006,45.3541],[-66.1143,45.3603],[-66.1217,45.3611],[-66.1641,45.3519],[-66.1854,45.3441],[-66.1968,45.3338],[-66.1932,45.3306],[-66.1769,45.3065],[-66.1664,45.2973],[-66.1544,45.2896],[-66.1416,45.2834],[-66.1285,45.2791],[-66.1065,45.2773],[-66.0868,45.2783],[-66.0709,45.2745],[-66.0602,45.258],[-66.0836,45.2523],[-66.116,45.2367],[-66.141,45.2181],[-66.1422,45.2028],[-66.1894,45.1778],[-66.1968,45.1723],[-66.2021,45.1595],[-66.2141,45.1696],[-66.2316,45.1966],[-66.2494,45.2047],[-66.2798,45.2086],[-66.31,45.2048],[-66.3277,45.1898],[-66.3038,45.1872],[-66.2705,45.1898],[-66.2486,45.1853],[-66.2589,45.1618],[-66.2838,45.15],[-66.3428,45.1444],[-66.3544,45.1314],[-66.358,45.1166],[-66.3672,45.1149],[-66.3795,45.1165],[-66.3929,45.1112],[-66.4149,45.0928],[-66.4288,45.0837],[-66.4407,45.0799],[-66.4542,45.0771],[-66.4613,45.0777],[-66.4643,45.0836],[-66.4649,45.098],[-66.464,45.1049],[-66.4608,45.1078],[-66.4603,45.1147],[-66.491,45.1556],[-66.5055,45.148],[-66.5199,45.1439],[-66.5431,45.142],[-66.55,45.1403],[-66.6601,45.0846],[-66.6925,45.0746],[-66.7181,45.0799],[-66.7107,45.0873],[-66.7179,45.0909],[-66.725,45.0936],[-66.7311,45.0748],[-66.7458,45.0645],[-66.7663,45.0603],[-66.7895,45.0594],[-66.797,45.0658],[-66.7869,45.0806],[-66.7808,45.0968],[-66.8001,45.1078],[-66.8034,45.0934],[-66.8133,45.0894],[-66.827,45.0894],[-66.8417,45.0873],[-66.8721,45.0656],[-66.8889,45.0607],[-66.9087,45.0987],[-66.911,45.1139],[-66.8994,45.1208],[-66.8852,45.1223],[-66.8623,45.128],[-66.8479,45.1283],[-66.8557,45.1376],[-66.8697,45.1439],[-66.8856,45.1476],[-66.8994,45.1488],[-66.916,45.1547],[-66.9274,45.1682],[-66.9359,45.182],[-66.9435,45.1898],[-66.957,45.1891],[-66.9708,45.182],[-66.9814,45.171],[-66.9857,45.1588],[-66.9914,45.1618],[-67.0052,45.1667],[-67.0211,45.1684],[-67.0401,45.1438],[-67.0388,45.1343],[-67.0455,45.1172],[-67.0495,45.0964],[-67.0401,45.0756],[-67.0657,45.0825],[-67.0864,45.0976],[-67.1248,45.1438],[-67.1311,45.1538],[-67.1341,45.1651],[-67.1363,45.1965],[-67.1407,45.2046],[-67.1492,45.2055],[-67.163,45.1985],[-67.163,45.2128],[-67.168,45.2226],[-67.1772,45.229],[-67.1903,45.2332],[-67.1906,45.2174],[-67.1877,45.2014],[-67.1826,45.1879],[-67.176,45.1787]]],[[[-66.901,44.8894],[-66.9167,44.8777],[-66.931,44.8699],[-66.9206,44.8503],[-66.9193,44.8373],[-66.9388,44.8386],[-66.9557,44.8464],[-66.9753,44.8607],[-66.9818,44.8725],[-66.9583,44.8777],[-66.9544,44.8894],[-66.9544,44.8998],[-66.9466,44.9154],[-66.9401,44.9258],[-66.9336,44.9415],[-66.9219,44.948],[-66.9049,44.9558],[-66.9049,44.9467],[-66.9036,44.9337],[-66.8919,44.9219],[-66.8932,44.9063],[-66.901,44.8894]]],[[[-66.9635,44.961],[-66.9779,44.9363],[-66.9857,44.9258],[-67.0052,44.948],[-67.0143,44.9636],[-67.0169,44.9792],[-67.0052,44.9897],[-66.9896,45.0014],[-66.9739,45.0183],[-66.9544,45.0274],[-66.9388,45.0248],[-66.9401,45.0118],[-66.9453,45.0001],[-66.9479,44.9831],[-66.9635,44.961]]],[[[-66.8615,44.7268],[-66.8511,44.7547],[-66.8258,44.7876],[-66.7913,44.7991],[-66.7695,44.7957],[-66.7568,44.7776],[-66.7432,44.782],[-66.7325,44.7688],[-66.7355,44.7591],[-66.7529,44.7639],[-66.7615,44.7545],[-66.7533,44.7418],[-66.7386,44.7106],[-66.7281,44.6835],[-66.7211,44.6628],[-66.708,44.6513],[-66.6918,44.643],[-66.6873,44.6289],[-66.6904,44.62],[-66.709,44.6137],[-66.7283,44.623],[-66.7328,44.6411],[-66.7428,44.6534],[-66.7541,44.6573],[-66.7677,44.6533],[-66.7833,44.6612],[-66.7982,44.6594],[-66.8099,44.6518],[-66.8391,44.6504],[-66.8584,44.638],[-66.867,44.6298],[-66.8761,44.6063],[-66.8903,44.6028],[-66.906,44.6062],[-66.9014,44.6301],[-66.8913,44.6556],[-66.8846,44.6889],[-66.8658,44.7112],[-66.8615,44.7268]]],[[[-64.5048,47.8898],[-64.512,47.9025],[-64.5041,47.9167],[-64.4774,47.9444],[-64.477,47.9378],[-64.4787,47.9332],[-64.4923,47.9106],[-64.4989,47.8928],[-64.5032,47.8742],[-64.5048,47.8587],[-64.509,47.8445],[-64.5189,47.8293],[-64.5389,47.8072],[-64.5935,47.7654],[-64.6488,47.7321],[-64.6542,47.7471],[-64.666,47.7528],[-64.6811,47.755],[-64.6966,47.7594],[-64.655,47.7829],[-64.6488,47.7905],[-64.6542,47.8019],[-64.6667,47.8026],[-64.6804,47.798],[-64.6898,47.7936],[-64.6872,47.8026],[-64.6829,47.81],[-64.6767,47.8161],[-64.6686,47.8209],[-64.6863,47.8193],[-64.6966,47.821],[-64.7001,47.8279],[-64.6966,47.842],[-64.691,47.8503],[-64.6805,47.8614],[-64.6687,47.8713],[-64.6587,47.8755],[-64.5955,47.8855],[-64.568,47.883],[-64.5799,47.8625],[-64.5589,47.8696],[-64.5386,47.8701],[-64.5201,47.8736],[-64.5048,47.8898]]],[[[-64.5458,47.9717],[-64.5258,48.0207],[-64.5108,48.0336],[-64.4843,48.0201],[-64.4801,47.9984],[-64.473,47.9809],[-64.4724,47.9634],[-64.4874,47.9412],[-64.5078,47.9283],[-64.5683,47.907],[-64.5904,47.9035],[-64.5941,47.9144],[-64.5771,47.9384],[-64.5458,47.9717]]]]}},{"type":"Feature","properties":{"code":"NS","kind":"land"},"geometry":{"type":"MultiPolygon","coordinates":[[[[-64.0427,45.992],[-64.0419,45.9911],[-64.0336,45.9953],[-64.0242,46.0018],[-64.0176,46.0054],[-64.0077,46.005],[-63.9049,45.9803],[-63.8703,45.9625],[-63.8667,45.9364],[-63.8446,45.9342],[-63.8249,45.9252],[-63.8109,45.9098],[-63.8059,45.8887],[-63.7864,45.8907],[-63.7589,45.8854],[-63.7325,45.8766],[-63.7159,45.8681],[-63.7271,45.8617],[-63.7465,45.8537],[-63.7575,45.847],[-63.7362,45.8419],[-63.6903,45.8531],[-63.6687,45.847],[-63.6742,45.8364],[-63.6742,45.8276],[-63.6697,45.8234],[-63.6619,45.8266],[-63.6523,45.8368],[-63.6534,45.8428],[-63.6587,45.8501],[-63.6619,45.8644],[-63.6591,45.8738],[-63.6526,45.8746],[-63.6446,45.8703],[-63.6377,45.8644],[-63.6288,45.8623],[-63.593,45.8751],[-63.4919,45.8826],[-63.4391,45.8756],[-63.4086,45.8545],[-63.4278,45.8537],[-63.4638,45.8604],[-63.4831,45.8607],[-63.4703,45.8524],[-63.4381,45.8384],[-63.4285,45.8266],[-63.4476,45.8214],[-63.484,45.8262],[-63.5043,45.8266],[-63.5228,45.8194],[-63.5159,45.8109],[-63.4963,45.807],[-63.4769,45.8135],[-63.469,45.8084],[-63.461,45.806],[-63.4524,45.8055],[-63.4422,45.8061],[-63.4381,45.8053],[-63.4313,45.8008],[-63.4285,45.7999],[-63.425,45.8022],[-63.4185,45.8114],[-63.4154,45.8135],[-63.3992,45.8118],[-63.3695,45.8026],[-63.354,45.7999],[-63.324,45.8037],[-63.2914,45.8121],[-63.2591,45.8159],[-63.2298,45.8061],[-63.258,45.7914],[-63.3017,45.7755],[-63.3472,45.7665],[-63.3807,45.772],[-63.3728,45.7572],[-63.3559,45.7481],[-63.3124,45.7372],[-63.3038,45.7322],[-63.2948,45.7257],[-63.288,45.7242],[-63.2851,45.7344],[-63.2816,45.7411],[-63.2736,45.7479],[-63.2572,45.7589],[-63.2574,45.7535],[-63.2567,45.7425],[-63.2572,45.7372],[-63.2117,45.7601],[-63.1957,45.7651],[-63.1956,45.7675],[-63.1945,45.7725],[-63.1924,45.7772],[-63.1889,45.7788],[-63.1839,45.7759],[-63.1817,45.7713],[-63.1822,45.7663],[-63.1852,45.762],[-63.1997,45.753],[-63.2052,45.7459],[-63.2025,45.7372],[-63.1898,45.7364],[-63.1343,45.7589],[-63.1173,45.763],[-63.1005,45.7646],[-63.0834,45.7635],[-63.0654,45.7589],[-63.0705,45.7784],[-63.0841,45.7903],[-63.1207,45.8061],[-63.1007,45.8113],[-62.98,45.796],[-62.9247,45.7826],[-62.7774,45.7651],[-62.7508,45.7655],[-62.6996,45.7724],[-62.675,45.772],[-62.696,45.7608],[-62.7177,45.7604],[-62.7386,45.7625],[-62.7569,45.7589],[-62.739,45.7484],[-62.7288,45.7444],[-62.6989,45.7446],[-62.6824,45.7421],[-62.6645,45.7356],[-62.6475,45.7267],[-62.6334,45.7174],[-62.703,45.6869],[-62.751,45.6812],[-62.7706,45.6744],[-62.7843,45.6618],[-62.7917,45.6422],[-62.7807,45.6529],[-62.765,45.6617],[-62.7488,45.664],[-62.7364,45.6553],[-62.7475,45.6271],[-62.7497,45.6129],[-62.7399,45.618],[-62.7199,45.6454],[-62.7066,45.6556],[-62.6918,45.6522],[-62.6691,45.6307],[-62.6568,45.6278],[-62.647,45.6422],[-62.6641,45.647],[-62.6724,45.6562],[-62.6724,45.6678],[-62.6647,45.6798],[-62.6553,45.682],[-62.6404,45.6811],[-62.6247,45.6823],[-62.6129,45.6907],[-62.6005,45.6862],[-62.5775,45.6859],[-62.5657,45.6832],[-62.5575,45.6779],[-62.5503,45.6669],[-62.5447,45.6627],[-62.5264,45.6583],[-62.5106,45.6592],[-62.4947,45.6619],[-62.4757,45.6627],[-62.5026,45.631],[-62.5091,45.615],[-62.4934,45.6081],[-62.4704,45.6145],[-62.4352,45.6427],[-62.418,45.6491],[-62.3998,45.6529],[-62.3769,45.6622],[-62.3617,45.6733],[-62.371,45.6825],[-62.3834,45.6801],[-62.4047,45.6751],[-62.4416,45.6553],[-62.4161,45.6791],[-62.2703,45.7037],[-62.06,45.808],[-61.9888,45.863],[-61.9488,45.8818],[-61.9243,45.8891],[-61.9115,45.889],[-61.9004,45.8818],[-61.8974,45.8716],[-61.9053,45.8655],[-61.9161,45.8598],[-61.9215,45.8507],[-61.92,45.8299],[-61.909,45.7869],[-61.8878,45.7377],[-61.8863,45.7211],[-61.8942,45.7037],[-61.8763,45.6927],[-61.8365,45.6812],[-61.8215,45.6727],[-61.8066,45.6595],[-61.7949,45.6529],[-61.7259,45.6275],[-61.7078,45.6233],[-61.6844,45.6217],[-61.6682,45.6266],[-61.6551,45.6359],[-61.6422,45.6415],[-61.626,45.6354],[-61.6329,45.6361],[-61.6485,45.6342],[-61.6481,45.6268],[-61.6404,45.6213],[-61.6198,45.6143],[-61.6188,45.6225],[-61.6155,45.6317],[-61.6099,45.6391],[-61.6021,45.6422],[-61.589,45.6454],[-61.5835,45.6532],[-61.5806,45.6632],[-61.5751,45.6727],[-61.558,45.6837],[-61.5371,45.6889],[-61.4925,45.6907],[-61.4705,45.6831],[-61.4372,45.6498],[-61.4175,45.6422],[-61.4,45.6326],[-61.3844,45.6115],[-61.3697,45.5808],[-61.3589,45.5777],[-61.3514,45.5701],[-61.3387,45.5528],[-61.3237,45.5421],[-61.2629,45.5119],[-61.2469,45.5073],[-61.2398,45.5084],[-61.2372,45.5058],[-61.235,45.4908],[-61.2368,45.468],[-61.2485,45.4531],[-61.2673,45.4434],[-61.3529,45.4134],[-61.3728,45.4088],[-61.3741,45.4213],[-61.3881,45.418],[-61.4057,45.4075],[-61.4175,45.3986],[-61.4298,45.392],[-61.4827,45.3747],[-61.4615,45.3548],[-61.4508,45.3494],[-61.1369,45.3542],[-61.1196,45.3521],[-61.0818,45.3427],[-60.9986,45.3332],[-60.9823,45.3263],[-60.9712,45.3139],[-60.9706,45.3017],[-60.9726,45.2882],[-60.9687,45.2716],[-60.9831,45.2713],[-60.9871,45.277],[-60.9888,45.2853],[-60.996,45.2921],[-61.0069,45.2943],[-61.0171,45.2937],[-61.027,45.2943],[-61.037,45.2996],[-61.0286,45.2853],[-61.0233,45.2785],[-61.0165,45.2716],[-61.0241,45.263],[-61.0313,45.2608],[-61.0388,45.2598],[-61.0472,45.2546],[-61.0535,45.2445],[-61.0566,45.236],[-61.063,45.2325],[-61.0785,45.2375],[-61.0712,45.2239],[-61.1197,45.2134],[-61.1394,45.218],[-61.1531,45.2375],[-61.1422,45.245],[-61.1335,45.2528],[-61.1261,45.2616],[-61.1195,45.2716],[-61.1647,45.2637],[-61.1748,45.258],[-61.1798,45.2425],[-61.1707,45.2157],[-61.1748,45.2028],[-61.1842,45.2085],[-61.1881,45.2154],[-61.1899,45.223],[-61.1967,45.2353],[-61.2043,45.2458],[-61.2121,45.253],[-61.2157,45.2477],[-61.246,45.2395],[-61.2631,45.2392],[-61.2629,45.2511],[-61.2786,45.254],[-61.2987,45.2479],[-61.3318,45.2307],[-61.3506,45.2174],[-61.3651,45.2012],[-61.3646,45.1896],[-61.3387,45.1898],[-61.3546,45.1776],[-61.371,45.1688],[-61.3892,45.1636],[-61.5679,45.1471],[-61.6106,45.1506],[-61.6396,45.1754],[-61.6473,45.1568],[-61.6659,45.164],[-61.6871,45.1754],[-61.7024,45.1693],[-61.6857,45.1619],[-61.6662,45.1493],[-61.6492,45.1346],[-61.6396,45.1208],[-61.6495,45.1216],[-61.6582,45.1203],[-61.6744,45.1147],[-61.6396,45.0936],[-61.6396,45.0873],[-61.6772,45.0885],[-61.6949,45.0914],[-61.7024,45.0973],[-61.7043,45.107],[-61.7086,45.1072],[-61.7154,45.101],[-61.7564,45.101],[-61.7545,45.0941],[-61.755,45.0888],[-61.7562,45.0843],[-61.7564,45.0799],[-61.7814,45.0924],[-61.8097,45.1009],[-61.8253,45.099],[-61.8116,45.0799],[-61.8221,45.0779],[-61.846,45.0802],[-61.8594,45.0799],[-61.8594,45.0731],[-61.8508,45.0705],[-61.8416,45.0645],[-61.8362,45.0561],[-61.8389,45.0464],[-61.8476,45.0448],[-61.8805,45.0532],[-61.8867,45.0464],[-61.8824,45.0342],[-61.8969,45.0307],[-61.9184,45.0368],[-61.9352,45.0532],[-61.9415,45.0331],[-61.9413,45.0246],[-61.9595,45.0365],[-61.9757,45.036],[-61.9905,45.0265],[-62.004,45.011],[-62.0057,45.0163],[-62.0079,45.0207],[-62.0098,45.0255],[-62.0102,45.0321],[-62.0203,45.0261],[-62.0294,45.0194],[-62.039,45.0136],[-62.0506,45.011],[-62.0347,45.0041],[-61.9761,44.9911],[-61.9888,44.9849],[-62.0035,44.9828],[-62.0182,44.9848],[-62.0313,44.9911],[-62.0421,44.9824],[-62.0575,44.9755],[-62.0734,44.973],[-62.0859,44.9774],[-62.0978,44.9735],[-62.1187,44.9697],[-62.1385,44.9688],[-62.1474,44.9738],[-62.1515,44.9752],[-62.174,44.9604],[-62.1849,44.9564],[-62.2338,44.9593],[-62.2545,44.952],[-62.2703,44.9291],[-62.2777,44.9365],[-62.29,44.9272],[-62.3061,44.9201],[-62.3216,44.9175],[-62.3318,44.9223],[-62.3392,44.9223],[-62.3402,44.9178],[-62.3419,44.9149],[-62.3439,44.9124],[-62.346,44.9086],[-62.343,44.9053],[-62.342,44.9033],[-62.3392,44.8949],[-62.3612,44.9022],[-62.3773,44.91],[-62.3934,44.9103],[-62.4149,44.8949],[-62.4104,44.8919],[-62.4057,44.8858],[-62.4006,44.8813],[-62.4204,44.8782],[-62.4372,44.8685],[-62.4477,44.8532],[-62.4484,44.8335],[-62.4672,44.8414],[-62.4728,44.859],[-62.4731,44.8808],[-62.4757,44.9011],[-62.4905,44.8814],[-62.5072,44.8634],[-62.5271,44.8559],[-62.5515,44.8676],[-62.5657,44.8402],[-62.5553,44.8327],[-62.5466,44.825],[-62.531,44.8062],[-62.5527,44.8001],[-62.5778,44.8334],[-62.5992,44.8266],[-62.6068,44.8371],[-62.6232,44.8303],[-62.6614,44.8062],[-62.6539,44.7925],[-62.6872,44.8021],[-62.8053,44.7851],[-62.7988,44.7718],[-62.8026,44.7611],[-62.8129,44.754],[-62.8258,44.7516],[-62.8214,44.7436],[-62.8152,44.7376],[-62.8074,44.733],[-62.7979,44.7298],[-62.8192,44.7206],[-62.8304,44.7178],[-62.8426,44.7168],[-62.8515,44.723],[-62.8576,44.7338],[-62.8638,44.7379],[-62.8736,44.7236],[-62.8874,44.7313],[-62.9086,44.738],[-62.9302,44.7401],[-62.9456,44.7335],[-62.9726,44.7174],[-62.9895,44.711],[-62.9971,44.7137],[-62.9979,44.7223],[-62.9996,44.7272],[-63.0019,44.7313],[-63.004,44.7373],[-63.0029,44.7653],[-63.004,44.7714],[-63.0185,44.778],[-63.047,44.7662],[-63.0586,44.7782],[-63.0593,44.7633],[-63.0503,44.7505],[-63.021,44.7267],[-63.014,44.7106],[-63.0243,44.6968],[-63.0586,44.6752],[-63.0629,44.6886],[-63.0614,44.7047],[-63.0631,44.718],[-63.0759,44.7236],[-63.0956,44.7292],[-63.102,44.7427],[-63.0995,44.7748],[-63.1027,44.784],[-63.1102,44.7899],[-63.1194,44.7907],[-63.1274,44.7851],[-63.1251,44.7821],[-63.1207,44.7516],[-63.1239,44.7348],[-63.1368,44.7068],[-63.1405,44.6889],[-63.1539,44.6955],[-63.1605,44.7057],[-63.1606,44.7177],[-63.1548,44.7298],[-63.1732,44.7211],[-63.1832,44.6916],[-63.2025,44.6827],[-63.2139,44.6812],[-63.2141,44.683],[-63.2118,44.6898],[-63.2162,44.7032],[-63.2323,44.7267],[-63.2367,44.7373],[-63.2498,44.7259],[-63.2532,44.7115],[-63.2484,44.6977],[-63.2367,44.6889],[-63.2497,44.6727],[-63.2813,44.6435],[-63.2851,44.6274],[-63.3171,44.6361],[-63.3891,44.6431],[-63.4154,44.6553],[-63.4026,44.6646],[-63.3966,44.6671],[-63.3876,44.6684],[-63.399,44.682],[-63.4169,44.6829],[-63.4558,44.6684],[-63.4349,44.6593],[-63.4206,44.6483],[-63.4154,44.6336],[-63.4217,44.6138],[-63.439,44.5963],[-63.4564,44.6007],[-63.4761,44.6134],[-63.5102,44.6241],[-63.5384,44.6479],[-63.5736,44.6656],[-63.6326,44.713],[-63.6441,44.7173],[-63.6619,44.7168],[-63.649,44.6876],[-63.6401,44.6762],[-63.6278,44.6684],[-63.6204,44.6671],[-63.5964,44.6684],[-63.5876,44.6642],[-63.574,44.6459],[-63.5688,44.6417],[-63.5635,44.6348],[-63.5486,44.6029],[-63.5452,44.5933],[-63.5457,44.5742],[-63.5481,44.5614],[-63.5465,44.5501],[-63.5233,44.5181],[-63.5238,44.5032],[-63.5333,44.4889],[-63.5486,44.4732],[-63.5541,44.4703],[-63.5734,44.4642],[-63.5793,44.4635],[-63.5869,44.4691],[-63.5846,44.475],[-63.5797,44.4803],[-63.5793,44.484],[-63.5962,44.4874],[-63.6046,44.4769],[-63.6099,44.463],[-63.6207,44.4527],[-63.6259,44.4459],[-63.6328,44.4407],[-63.6414,44.4425],[-63.6437,44.4496],[-63.639,44.4584],[-63.632,44.4661],[-63.6278,44.4698],[-63.6416,44.4759],[-63.6581,44.4752],[-63.6929,44.4698],[-63.7008,44.4676],[-63.7027,44.463],[-63.7056,44.4582],[-63.7159,44.4561],[-63.7208,44.4607],[-63.7241,44.4695],[-63.7286,44.475],[-63.7369,44.4698],[-63.7493,44.4743],[-63.7584,44.4813],[-63.7636,44.4914],[-63.7649,44.5045],[-63.7743,44.4936],[-63.7833,44.4779],[-63.7934,44.4684],[-63.8059,44.4766],[-63.8094,44.4901],[-63.804,44.5032],[-63.7848,44.5318],[-63.7931,44.5263],[-63.8053,44.5146],[-63.8121,44.5113],[-63.8199,44.5138],[-63.826,44.5205],[-63.834,44.5245],[-63.8468,44.5187],[-63.8445,44.5149],[-63.8401,44.5045],[-63.8537,44.5043],[-63.874,44.4986],[-63.8878,44.4971],[-63.9005,44.4981],[-63.9122,44.501],[-63.922,44.5055],[-63.9294,44.5113],[-63.9425,44.534],[-63.9417,44.5543],[-63.922,44.5933],[-63.9286,44.6],[-63.943,44.6205],[-63.9247,44.6288],[-63.9186,44.6341],[-63.9151,44.6417],[-63.9195,44.6426],[-63.9294,44.6479],[-63.9022,44.6665],[-63.8909,44.6798],[-63.8884,44.6964],[-63.9067,44.6837],[-63.9259,44.6747],[-63.9896,44.6558],[-64.0008,44.6553],[-64.057,44.6388],[-64.066,44.6343],[-64.0602,44.6212],[-64.0619,44.5867],[-64.0526,44.5797],[-64.0367,44.5709],[-64.025,44.5507],[-64.0113,44.5113],[-64.0412,44.5226],[-64.0556,44.5089],[-64.0639,44.4876],[-64.0758,44.4766],[-64.0971,44.4747],[-64.1062,44.4776],[-64.1175,44.4875],[-64.1236,44.5156],[-64.124,44.5219],[-64.1188,44.5375],[-64.128,44.5549],[-64.1448,44.5702],[-64.1622,44.5797],[-64.1781,44.5821],[-64.1976,44.5803],[-64.2115,44.5714],[-64.2106,44.5523],[-64.2274,44.537],[-64.2528,44.5438],[-64.2808,44.5582],[-64.3055,44.566],[-64.3007,44.5609],[-64.2926,44.5455],[-64.3039,44.5426],[-64.3048,44.536],[-64.3013,44.5265],[-64.2987,44.515],[-64.3013,44.5026],[-64.308,44.4923],[-64.3169,44.4837],[-64.326,44.4766],[-64.3177,44.4764],[-64.2987,44.4698],[-64.3104,44.4649],[-64.3539,44.4561],[-64.3537,44.4451],[-64.3439,44.4376],[-64.3356,44.4291],[-64.3397,44.4151],[-64.2969,44.4171],[-64.2753,44.4154],[-64.2577,44.4089],[-64.275,44.4071],[-64.2882,44.4009],[-64.2999,44.3933],[-64.3124,44.3872],[-64.3124,44.381],[-64.2606,44.3803],[-64.2356,44.3766],[-64.2106,44.3673],[-64.2279,44.3605],[-64.2462,44.3613],[-64.2816,44.3673],[-64.3472,44.3673],[-64.3472,44.3605],[-64.3397,44.3561],[-64.3358,44.3498],[-64.3357,44.3419],[-64.3397,44.3326],[-64.3258,44.3301],[-64.3152,44.3238],[-64.305,44.3204],[-64.2926,44.3263],[-64.2977,44.3293],[-64.3073,44.337],[-64.3124,44.34],[-64.3017,44.3431],[-64.2911,44.3413],[-64.2646,44.3326],[-64.2897,44.3038],[-64.2888,44.2991],[-64.2373,44.2991],[-64.269,44.2671],[-64.2866,44.2586],[-64.3055,44.2718],[-64.3124,44.2643],[-64.3306,44.2764],[-64.3392,44.2838],[-64.3472,44.2922],[-64.3375,44.2977],[-64.3335,44.2991],[-64.4089,44.3285],[-64.4291,44.34],[-64.4185,44.3262],[-64.4016,44.313],[-64.3822,44.303],[-64.3639,44.2991],[-64.359,44.2956],[-64.3573,44.2877],[-64.3579,44.2785],[-64.3602,44.2718],[-64.3675,44.2641],[-64.4256,44.2339],[-64.4312,44.2256],[-64.4344,44.2077],[-64.4396,44.1991],[-64.4489,44.1931],[-64.4692,44.1874],[-64.4774,44.1824],[-64.483,44.1741],[-64.4979,44.1408],[-64.5139,44.1494],[-64.5226,44.1525],[-64.5315,44.1544],[-64.5357,44.156],[-64.5435,44.1608],[-64.5492,44.1619],[-64.5522,44.1597],[-64.5551,44.15],[-64.5594,44.1483],[-64.5944,44.1579],[-64.6062,44.1586],[-64.6004,44.1483],[-64.6058,44.1454],[-64.6095,44.1429],[-64.6138,44.1411],[-64.6208,44.1408],[-64.5995,44.1351],[-64.5748,44.1338],[-64.5543,44.13],[-64.5458,44.1173],[-64.5499,44.0998],[-64.5609,44.08],[-64.5765,44.0692],[-64.5941,44.0794],[-64.6214,44.0648],[-64.6492,44.0589],[-64.717,44.0588],[-64.7054,44.0457],[-64.6866,44.0419],[-64.6694,44.0355],[-64.6618,44.0145],[-64.667,43.9979],[-64.6799,43.993],[-64.6967,43.9901],[-64.7136,43.98],[-64.7312,43.9635],[-64.7445,43.9578],[-64.8065,43.9568],[-64.8157,43.9541],[-64.8194,43.9459],[-64.8219,43.9367],[-64.8284,43.931],[-64.8375,43.9285],[-64.8474,43.9291],[-64.8333,43.9139],[-64.7971,43.8949],[-64.786,43.8745],[-64.8018,43.8763],[-64.814,43.8741],[-64.8188,43.8666],[-64.8126,43.8529],[-64.8296,43.845],[-64.8346,43.8343],[-64.839,43.8297],[-64.8542,43.8397],[-64.8592,43.8457],[-64.868,43.8607],[-64.8741,43.8671],[-64.8834,43.8729],[-64.8933,43.8768],[-64.9039,43.8793],[-64.915,43.8807],[-64.91,43.8709],[-64.8951,43.8555],[-64.8883,43.8466],[-64.8857,43.8389],[-64.8846,43.8221],[-64.8815,43.8118],[-64.9066,43.805],[-64.9243,43.8228],[-64.9377,43.849],[-64.9498,43.8671],[-64.9668,43.8736],[-64.9639,43.8605],[-64.9351,43.8126],[-64.9325,43.8063],[-64.9351,43.7992],[-64.949,43.7753],[-64.9582,43.7658],[-64.9701,43.7589],[-64.984,43.7579],[-64.9971,43.7696],[-65.0204,43.817],[-65.0392,43.8323],[-65.0378,43.816],[-65.0187,43.7709],[-65.016,43.7584],[-65.0145,43.7425],[-65.0166,43.7272],[-65.025,43.7162],[-65.0344,43.7123],[-65.0368,43.7154],[-65.0377,43.7208],[-65.0429,43.7237],[-65.0528,43.7205],[-65.0586,43.7135],[-65.0607,43.7064],[-65.0597,43.7032],[-65.077,43.7108],[-65.0731,43.745],[-65.087,43.7579],[-65.0963,43.7362],[-65.1232,43.6968],[-65.1286,43.6747],[-65.1512,43.6891],[-65.1468,43.7065],[-65.1366,43.7271],[-65.1416,43.751],[-65.1612,43.7156],[-65.1695,43.7094],[-65.1785,43.7101],[-65.1871,43.7159],[-65.1937,43.7245],[-65.2008,43.751],[-65.2117,43.772],[-65.2253,43.7918],[-65.2379,43.8056],[-65.2403,43.7982],[-65.2423,43.7952],[-65.2421,43.7921],[-65.2379,43.7845],[-65.2547,43.7757],[-65.2491,43.7547],[-65.2246,43.7188],[-65.2401,43.6947],[-65.2504,43.6734],[-65.2635,43.6708],[-65.2893,43.6747],[-65.3272,43.6964],[-65.3278,43.7095],[-65.316,43.7328],[-65.3135,43.7436],[-65.3173,43.7605],[-65.323,43.7654],[-65.3309,43.763],[-65.3408,43.7579],[-65.345,43.7508],[-65.3463,43.7415],[-65.3515,43.7368],[-65.3675,43.7436],[-65.355,43.7161],[-65.3415,43.6935],[-65.3343,43.6703],[-65.3408,43.6412],[-65.3414,43.6343],[-65.3405,43.6251],[-65.3406,43.6173],[-65.3442,43.6138],[-65.3545,43.6107],[-65.3581,43.6036],[-65.3566,43.5965],[-65.3511,43.5933],[-65.3461,43.5874],[-65.3408,43.5449],[-65.3625,43.5749],[-65.3712,43.5791],[-65.3815,43.5766],[-65.3919,43.5666],[-65.4017,43.5654],[-65.4159,43.5714],[-65.4422,43.5929],[-65.4569,43.5995],[-65.4569,43.5933],[-65.413,43.5388],[-65.4097,43.5292],[-65.4078,43.5188],[-65.4017,43.504],[-65.4162,43.5001],[-65.4224,43.5113],[-65.4289,43.5449],[-65.4395,43.5572],[-65.4501,43.5605],[-65.4556,43.556],[-65.4507,43.5449],[-65.4554,43.5347],[-65.4626,43.5276],[-65.4723,43.524],[-65.4842,43.5245],[-65.4741,43.5038],[-65.4714,43.4938],[-65.4706,43.48],[-65.4748,43.4709],[-65.4842,43.4719],[-65.4936,43.4803],[-65.4979,43.4934],[-65.504,43.5028],[-65.5426,43.5279],[-65.5468,43.5323],[-65.5504,43.5375],[-65.5517,43.543],[-65.5456,43.556],[-65.5499,43.5613],[-65.5565,43.5653],[-65.5599,43.5692],[-65.566,43.574],[-65.5795,43.5654],[-65.6129,43.5362],[-65.6487,43.5176],[-65.6527,43.5128],[-65.6542,43.5071],[-65.6579,43.5016],[-65.6692,43.4971],[-65.6677,43.5001],[-65.6745,43.5045],[-65.6897,43.5108],[-65.7193,43.5089],[-65.7296,43.5135],[-65.7381,43.5313],[-65.7305,43.5468],[-65.7316,43.5627],[-65.7396,43.5767],[-65.7523,43.5865],[-65.7525,43.5763],[-65.7518,43.5692],[-65.7494,43.5637],[-65.7449,43.5586],[-65.7477,43.5548],[-65.7508,43.5528],[-65.7544,43.5517],[-65.7585,43.5511],[-65.7781,43.5682],[-65.7819,43.5874],[-65.7722,43.6412],[-65.7716,43.6688],[-65.7738,43.6808],[-65.779,43.689],[-65.7888,43.6911],[-65.7949,43.6826],[-65.8001,43.6687],[-65.807,43.6548],[-65.7964,43.6463],[-65.7923,43.6339],[-65.7938,43.6199],[-65.7995,43.6063],[-65.8148,43.6316],[-65.817,43.657],[-65.8157,43.6827],[-65.82,43.7094],[-65.8251,43.7184],[-65.8406,43.7387],[-65.848,43.751],[-65.8529,43.7642],[-65.8616,43.8056],[-65.8685,43.8056],[-65.8682,43.7871],[-65.8662,43.779],[-65.8616,43.7709],[-65.8772,43.7696],[-65.8889,43.7838],[-65.899,43.8035],[-65.9094,43.8192],[-65.9244,43.8268],[-65.9372,43.826],[-65.9413,43.8199],[-65.9299,43.8118],[-65.9299,43.8056],[-65.9567,43.7854],[-65.9713,43.7801],[-65.9777,43.7948],[-65.9788,43.8021],[-65.984,43.8194],[-65.9872,43.8392],[-65.9919,43.849],[-65.9967,43.8541],[-65.9988,43.8497],[-66.004,43.8317],[-66.005,43.8255],[-66.0048,43.8163],[-66.0037,43.8097],[-66.0017,43.8042],[-65.9744,43.7506],[-65.9634,43.7373],[-65.9732,43.7143],[-65.9796,43.706],[-65.9913,43.7032],[-65.9831,43.7195],[-65.9838,43.7293],[-65.9916,43.7311],[-66.005,43.7237],[-66.0069,43.7169],[-66.0055,43.7078],[-66.0064,43.6999],[-66.0152,43.6964],[-66.0238,43.6981],[-66.0281,43.7023],[-66.0287,43.7086],[-66.0261,43.7162],[-66.0323,43.7162],[-66.0309,43.7367],[-66.0421,43.7464],[-66.0555,43.7409],[-66.0602,43.7162],[-66.0742,43.7293],[-66.0773,43.7406],[-66.0732,43.7677],[-66.0794,43.7724],[-66.0931,43.7665],[-66.1073,43.755],[-66.1149,43.7436],[-66.1217,43.7436],[-66.1337,43.8097],[-66.1198,43.8245],[-66.1134,43.836],[-66.1112,43.8475],[-66.1183,43.8529],[-66.1285,43.8495],[-66.1359,43.8419],[-66.1423,43.8329],[-66.1496,43.8255],[-66.1478,43.8401],[-66.1492,43.8524],[-66.1559,43.86],[-66.1701,43.8603],[-66.1662,43.8704],[-66.1671,43.8795],[-66.1697,43.8874],[-66.1701,43.8944],[-66.1656,43.9038],[-66.1523,43.9241],[-66.1496,43.9322],[-66.1537,43.9472],[-66.1607,43.9609],[-66.1629,43.9757],[-66.1488,44.0025],[-66.1503,44.0104],[-66.1558,44.0216],[-66.1578,44.0235],[-66.1834,44.0841],[-66.1943,44.0926],[-66.2104,44.0856],[-66.2103,44.1057],[-66.1947,44.1427],[-66.1906,44.1654],[-66.1877,44.1712],[-66.1587,44.2005],[-66.1526,44.2091],[-66.1422,44.2308],[-66.1137,44.3434],[-66.095,44.3742],[-66.0629,44.3935],[-66.0467,44.4066],[-66.0397,44.4254],[-66.0325,44.4368],[-65.966,44.4892],[-65.9277,44.5062],[-65.8888,44.5325],[-65.8668,44.5434],[-65.8479,44.5565],[-65.8405,44.5734],[-65.8491,44.5868],[-65.8685,44.5876],[-65.9132,44.5797],[-65.9237,44.5813],[-65.933,44.5838],[-65.9425,44.5834],[-66.0284,44.5206],[-66.1872,44.3946],[-66.1968,44.3909],[-66.1923,44.4175],[-66.1803,44.4344],[-65.9988,44.5797],[-65.8889,44.6308],[-65.8747,44.6431],[-65.7859,44.6964],[-65.7727,44.6858],[-65.7631,44.6723],[-65.7563,44.6573],[-65.7523,44.6417],[-65.7537,44.632],[-65.757,44.6205],[-65.7571,44.6109],[-65.7486,44.6069],[-65.7296,44.6092],[-65.7102,44.6138],[-65.6923,44.6207],[-65.68,44.6286],[-65.6561,44.6479],[-65.625,44.6665],[-65.6124,44.6778],[-65.6016,44.6964],[-65.5941,44.6889],[-65.5367,44.7366],[-65.5224,44.744],[-65.4941,44.7487],[-65.4509,44.7706],[-65.4289,44.7782],[-65.4473,44.7811],[-65.4925,44.7581],[-65.5351,44.747],[-65.6153,44.7091],[-65.654,44.6981],[-65.6763,44.6964],[-65.7173,44.6744],[-65.7418,44.6678],[-65.7585,44.6827],[-65.7235,44.7274],[-65.6212,44.7789],[-65.4569,44.8546],[-65.3976,44.8949],[-65.3784,44.9011],[-65.3583,44.9044],[-65.2317,44.9552],[-65.2133,44.9669],[-65.1805,44.9932],[-65.0221,45.0602],[-64.8632,45.1396],[-64.714,45.1924],[-64.6441,45.2008],[-64.5755,45.2196],[-64.5106,45.2286],[-64.475,45.2403],[-64.4412,45.2558],[-64.4154,45.2716],[-64.3953,45.3016],[-64.4176,45.3196],[-64.4593,45.3292],[-64.4979,45.3338],[-64.4778,45.3411],[-64.4562,45.3387],[-64.4154,45.3263],[-64.3487,45.3194],[-64.3297,45.3096],[-64.3184,45.2949],[-64.3205,45.2829],[-64.3306,45.2723],[-64.3434,45.2615],[-64.3516,45.2481],[-64.3591,45.2134],[-64.3675,45.1966],[-64.3524,45.1852],[-64.357,45.1708],[-64.3719,45.1573],[-64.3881,45.1488],[-64.3673,45.1261],[-64.3624,45.1161],[-64.3675,45.1078],[-64.3566,45.104],[-64.3455,45.1059],[-64.3369,45.1129],[-64.3335,45.1246],[-64.3316,45.1359],[-64.326,45.142],[-64.3173,45.1456],[-64.3055,45.1488],[-64.2235,45.1084],[-64.1516,45.0498],[-64.1491,45.0387],[-64.1553,44.9837],[-64.1473,44.9977],[-64.1359,45.0032],[-64.1221,45.0025],[-64.1069,44.998],[-64.1163,45.0114],[-64.119,45.0299],[-64.1142,45.0462],[-64.1007,45.0532],[-64.1007,45.0594],[-64.1195,45.0621],[-64.1365,45.0729],[-64.1838,45.1143],[-64.1974,45.1326],[-64.1993,45.1487],[-64.1659,45.1594],[-64.164,45.1683],[-64.1663,45.1784],[-64.1656,45.186],[-64.1577,45.1919],[-64.1393,45.2],[-64.1308,45.2065],[-64.1151,45.2161],[-64.0243,45.2414],[-63.9629,45.2511],[-63.9058,45.2758],[-63.8847,45.2791],[-63.8465,45.2772],[-63.8253,45.2796],[-63.809,45.2887],[-63.804,45.2988],[-63.8041,45.3063],[-63.8014,45.311],[-63.7882,45.3126],[-63.7604,45.3113],[-63.7483,45.3074],[-63.7369,45.2996],[-63.7303,45.3055],[-63.7198,45.3221],[-63.7159,45.3263],[-63.7081,45.3264],[-63.6749,45.3201],[-63.5787,45.3223],[-63.5431,45.3317],[-63.5241,45.3338],[-63.5045,45.3287],[-63.4926,45.317],[-63.4828,45.3033],[-63.4695,45.2921],[-63.4609,45.325],[-63.4331,45.3449],[-63.3961,45.3556],[-63.3602,45.3611],[-63.3917,45.3716],[-63.5073,45.3747],[-63.5287,45.3778],[-63.5712,45.3917],[-63.593,45.3952],[-63.8158,45.3952],[-63.8339,45.3921],[-63.8489,45.3846],[-63.8741,45.3673],[-63.8805,45.3619],[-63.8849,45.3563],[-63.8909,45.3529],[-63.9015,45.3542],[-63.9105,45.3589],[-63.9146,45.3652],[-63.9139,45.3729],[-63.9083,45.3815],[-63.9366,45.3985],[-64.0138,45.3904],[-64.0523,45.3952],[-64.0423,45.4005],[-64.038,45.402],[-64.066,45.413],[-64.1053,45.4151],[-64.1826,45.4088],[-64.2439,45.3947],[-64.2759,45.3921],[-64.3124,45.402],[-64.3145,45.3819],[-64.3222,45.38],[-64.3336,45.3858],[-64.3472,45.389],[-64.359,45.3863],[-64.3697,45.3815],[-64.3795,45.375],[-64.3881,45.3673],[-64.3998,45.3729],[-64.4359,45.3815],[-64.4457,45.388],[-64.4514,45.3947],[-64.4588,45.4],[-64.5762,45.4156],[-64.62,45.4085],[-64.6725,45.389],[-64.707,45.3606],[-64.6966,45.3263],[-64.7174,45.3246],[-64.7325,45.3161],[-64.7451,45.3061],[-64.7587,45.2996],[-64.7682,45.2973],[-64.7684,45.2979],[-64.7671,45.3026],[-64.7716,45.3126],[-64.7729,45.3178],[-64.7666,45.3251],[-64.7682,45.33],[-64.774,45.3332],[-64.7864,45.3321],[-64.7921,45.3338],[-64.8227,45.348],[-64.8599,45.353],[-64.8975,45.3465],[-64.9293,45.3263],[-64.9357,45.3512],[-64.9287,45.383],[-64.9152,45.4124],[-64.902,45.43],[-64.8539,45.4573],[-64.839,45.4591],[-64.8149,45.4676],[-64.7996,45.4709],[-64.8331,45.484],[-64.7064,45.5369],[-64.6809,45.5425],[-64.6633,45.5565],[-64.6488,45.5591],[-64.6454,45.5863],[-64.6136,45.6027],[-64.5728,45.6153],[-64.5423,45.6317],[-64.5133,45.6568],[-64.4843,45.6764],[-64.4767,45.6791],[-64.4625,45.6811],[-64.457,45.6832],[-64.4486,45.6906],[-64.4377,45.7043],[-64.4291,45.7099],[-64.4368,45.7252],[-64.4391,45.7385],[-64.4321,45.7479],[-64.412,45.7515],[-64.3981,45.7563],[-64.3859,45.7676],[-64.3789,45.7812],[-64.3806,45.7924],[-64.3055,45.8266],[-64.293,45.8158],[-64.2944,45.805],[-64.3124,45.7856],[-64.3191,45.7813],[-64.326,45.7799],[-64.3314,45.7772],[-64.3335,45.7685],[-64.3315,45.7633],[-64.3283,45.7596],[-64.3277,45.7545],[-64.3335,45.7446],[-64.3167,45.7557],[-64.3031,45.7619],[-64.2875,45.7645],[-64.2646,45.7651],[-64.2695,45.7742],[-64.2789,45.7786],[-64.2914,45.7796],[-64.3055,45.7788],[-64.2939,45.784],[-64.2828,45.7935],[-64.2745,45.8045],[-64.2707,45.8135],[-64.2711,45.8306],[-64.2734,45.8357],[-64.2733,45.8358],[-64.273,45.8359],[-64.2642,45.8445],[-64.2581,45.8566],[-64.2524,45.8697],[-64.2447,45.8813],[-64.2298,45.8935],[-64.2136,45.904],[-64.1985,45.9157],[-64.187,45.9313],[-64.1751,45.95],[-64.1595,45.9638],[-64.141,45.9725],[-64.1197,45.9764],[-64.0993,45.975],[-64.0733,45.9732],[-64.0513,45.9768],[-64.0427,45.992]]],[[[-65.6078,43.4835],[-65.6171,43.5079],[-65.6052,43.5141],[-65.5599,43.5108],[-65.5687,43.4946],[-65.5742,43.4767],[-65.5871,43.4635],[-65.598,43.4447],[-65.6106,43.4282],[-65.6288,43.4221],[-65.6214,43.435],[-65.6269,43.4451],[-65.6354,43.4532],[-65.6454,43.4592],[-65.6561,43.463],[-65.6463,43.4717],[-65.6345,43.4768],[-65.6078,43.4835]]],[[[-59.7935,43.9646],[-59.7408,43.9964],[-59.7072,44.0144],[-59.7571,43.9661],[-59.8082,43.9402],[-59.8584,43.9236],[-59.9078,43.9162],[-59.9632,43.9141],[-60.0188,43.9138],[-60.0751,43.9272],[-60.117,43.9429],[-60.1302,43.9605],[-60.118,43.9595],[-60.1049,43.9544],[-60.0912,43.9497],[-60.0739,43.9425],[-59.9978,43.9379],[-59.8715,43.9421],[-59.8407,43.9499],[-59.8198,43.9542],[-59.7935,43.9646]]],[[[-66.2316,44.3872],[-66.213,44.3958],[-66.2034,44.3922],[-66.2045,44.3812],[-66.2179,44.3674],[-66.2387,44.3384],[-66.2982,44.2833],[-66.3135,44.2507],[-66.3277,44.2581],[-66.2858,44.3248],[-66.2579,44.3546],[-66.2418,44.3774],[-66.2316,44.3872]]],[[[-60.9141,45.5666],[-60.9081,45.5774],[-60.8993,45.5787],[-60.8892,45.5739],[-60.8793,45.5666],[-60.8843,45.5576],[-60.8922,45.5528],[-60.9024,45.5515],[-60.9141,45.5529],[-60.9526,45.5316],[-60.9618,45.5173],[-60.9476,45.4982],[-60.9678,45.4868],[-60.9857,45.4702],[-61.0035,45.4608],[-61.0239,45.4709],[-61.0131,45.4766],[-61.0039,45.4858],[-61.0021,45.4945],[-61.0131,45.4982],[-61.04,45.4987],[-61.0528,45.5006],[-61.0649,45.5045],[-61.0752,45.5109],[-61.0893,45.5233],[-61.1051,45.5271],[-61.1061,45.531],[-61.1061,45.5364],[-61.1117,45.5488],[-61.1058,45.5513],[-61.0916,45.5529],[-61.075,45.5627],[-61.0539,45.5711],[-61.0311,45.5773],[-61.0097,45.5808],[-60.9586,45.5814],[-60.932,45.5769],[-60.9141,45.5666]]],[[[-60.0809,45.7924],[-60.0933,45.7908],[-60.1777,45.7665],[-60.1988,45.7557],[-60.2078,45.7409],[-60.2156,45.7194],[-60.235,45.7069],[-60.2597,45.7002],[-60.2835,45.6968],[-60.3229,45.6837],[-60.3954,45.6425],[-60.4412,45.6354],[-60.4626,45.6357],[-60.4701,45.6395],[-60.4753,45.6491],[-60.4999,45.6324],[-60.5118,45.6264],[-60.6298,45.595],[-60.6623,45.5776],[-60.6718,45.5737],[-60.7043,45.5733],[-60.7115,45.5716],[-60.7189,45.5682],[-60.7269,45.5656],[-60.736,45.5666],[-60.7416,45.5727],[-60.7425,45.5819],[-60.7443,45.5903],[-60.7524,45.5939],[-60.8284,45.6007],[-60.8443,45.6046],[-60.8487,45.6143],[-60.8497,45.6268],[-60.8555,45.6388],[-60.8711,45.6457],[-60.8839,45.6374],[-60.8956,45.6237],[-60.9073,45.6143],[-60.9158,45.6213],[-60.9254,45.6258],[-60.936,45.628],[-60.9476,45.628],[-60.9462,45.6123],[-60.97,45.6081],[-61.0239,45.6143],[-61.0097,45.6081],[-61.0162,45.5953],[-61.025,45.5915],[-61.0472,45.5939],[-61.0576,45.5915],[-61.0854,45.5733],[-61.1314,45.5599],[-61.1567,45.5566],[-61.1748,45.5591],[-61.1572,45.5651],[-61.1511,45.5715],[-61.155,45.5786],[-61.1673,45.587],[-61.182,45.5903],[-61.1959,45.5895],[-61.2056,45.5927],[-61.2083,45.6081],[-61.2155,45.6003],[-61.2203,45.5895],[-61.225,45.5819],[-61.2319,45.5839],[-61.2412,45.5854],[-61.2537,45.5795],[-61.2665,45.5715],[-61.2772,45.5666],[-61.2702,45.5483],[-61.2846,45.5477],[-61.3219,45.5591],[-61.3349,45.5662],[-61.3629,45.6112],[-61.4193,45.6569],[-61.442,45.6818],[-61.4553,45.7099],[-61.4651,45.7763],[-61.4754,45.8113],[-61.4925,45.8266],[-61.4973,45.8351],[-61.4889,45.8887],[-61.5001,45.9061],[-61.5144,45.9194],[-61.5226,45.9328],[-61.5162,45.9508],[-61.5212,45.961],[-61.5212,45.9808],[-61.5236,45.9917],[-61.5289,45.9965],[-61.5384,46.0031],[-61.5475,46.0116],[-61.5515,46.0218],[-61.5411,46.0405],[-61.5173,46.0531],[-61.4916,46.0631],[-61.4752,46.0736],[-61.4701,46.0926],[-61.4661,46.1203],[-61.459,46.1453],[-61.4447,46.1562],[-61.4313,46.1628],[-61.3844,46.1943],[-61.2888,46.2426],[-61.2806,46.2456],[-61.2779,46.2552],[-61.2125,46.331],[-61.1916,46.367],[-61.1779,46.3856],[-61.0948,46.4539],[-61.0862,46.4665],[-61.0806,46.4805],[-61.0753,46.5133],[-61.0665,46.5268],[-61.0404,46.5504],[-61.0304,46.568],[-61.0372,46.5816],[-61.0499,46.5923],[-61.0575,46.6013],[-61.0538,46.6123],[-61.0431,46.6253],[-61.0293,46.6365],[-61.0165,46.6422],[-61.0302,46.6116],[-61.0302,46.6013],[-61.0238,46.5932],[-61.0171,46.6004],[-61.0118,46.6141],[-61.0097,46.6254],[-61.0048,46.6333],[-60.9721,46.6527],[-60.965,46.662],[-60.9476,46.6974],[-60.8992,46.7688],[-60.8692,46.8],[-60.8321,46.821],[-60.7884,46.8347],[-60.7696,46.8437],[-60.7013,46.9047],[-60.6515,46.9816],[-60.6421,47.0037],[-60.6332,47.0107],[-60.623,47.0168],[-60.6033,47.0336],[-60.5936,47.0348],[-60.5714,47.0264],[-60.5342,47.022],[-60.5231,47.0189],[-60.5142,47.013],[-60.5088,47.0064],[-60.5011,47.0012],[-60.4858,46.9991],[-60.4616,47.0034],[-60.4203,47.0222],[-60.3961,47.0264],[-60.3834,47.0168],[-60.3984,46.9956],[-60.4343,46.9643],[-60.4647,46.9271],[-60.4904,46.9052],[-60.4958,46.8955],[-60.4739,46.8972],[-60.4522,46.8925],[-60.442,46.8844],[-60.4547,46.8756],[-60.4547,46.8681],[-60.4304,46.8642],[-60.3935,46.863],[-60.3583,46.8662],[-60.3387,46.8756],[-60.3307,46.8716],[-60.3234,46.8669],[-60.3167,46.8612],[-60.3108,46.8544],[-60.3055,46.8339],[-60.309,46.8034],[-60.3245,46.7452],[-60.3424,46.7085],[-60.3449,46.694],[-60.3521,46.6865],[-60.3995,46.6701],[-60.3915,46.6612],[-60.3815,46.656],[-60.3701,46.6543],[-60.358,46.6558],[-60.358,46.6496],[-60.3652,46.6481],[-60.3779,46.6435],[-60.3859,46.6422],[-60.374,46.6296],[-60.3601,46.6231],[-60.3505,46.6159],[-60.3518,46.6013],[-60.357,46.5946],[-60.3797,46.5808],[-60.4211,46.5248],[-60.4616,46.4231],[-60.4726,46.4069],[-60.5094,46.3685],[-60.5163,46.3561],[-60.5304,46.3236],[-60.5779,46.2641],[-60.6058,46.2113],[-60.6003,46.2012],[-60.5987,46.1972],[-60.5524,46.2623],[-60.5404,46.2723],[-60.5244,46.2784],[-60.4753,46.32],[-60.4426,46.3325],[-60.4343,46.3337],[-60.4189,46.3298],[-60.4157,46.3239],[-60.4183,46.3152],[-60.4206,46.3027],[-60.4269,46.284],[-60.442,46.2706],[-60.4753,46.2518],[-60.6124,46.1282],[-60.6322,46.118],[-60.6754,46.1016],[-60.691,46.091],[-60.7008,46.088],[-60.7149,46.1074],[-60.7254,46.1047],[-60.7478,46.0853],[-60.7558,46.0805],[-60.773,46.0734],[-60.8164,46.0619],[-60.8732,46.0532],[-60.8795,46.0618],[-60.8741,46.0683],[-60.8629,46.0725],[-60.852,46.0736],[-60.8741,46.0792],[-60.9125,46.0518],[-60.9756,45.9917],[-60.9932,45.9821],[-61.0148,45.9747],[-61.1019,45.9582],[-61.1186,45.9494],[-61.1264,45.9296],[-61.0336,45.9365],[-61.0099,45.9414],[-60.9953,45.9539],[-60.9836,45.9697],[-60.9687,45.9849],[-60.9027,46.0102],[-60.8839,46.0347],[-60.8627,46.0382],[-60.8179,46.0388],[-60.7735,46.0593],[-60.7475,46.0662],[-60.736,46.0566],[-60.7432,46.0373],[-60.7602,46.0223],[-60.7806,46.0081],[-60.7974,45.9917],[-60.803,45.9748],[-60.8065,45.9542],[-60.8151,45.937],[-60.8353,45.9296],[-60.8467,45.9284],[-60.8578,45.9249],[-60.8678,45.9196],[-60.8763,45.9128],[-60.8865,45.9084],[-60.8984,45.9099],[-60.9203,45.916],[-60.9617,45.9152],[-60.981,45.9102],[-60.9892,45.8989],[-61.0011,45.897],[-61.0557,45.8976],[-61.0712,45.8955],[-61.0522,45.8889],[-61.0438,45.8887],[-61.0573,45.8796],[-61.0735,45.8747],[-61.0886,45.8682],[-61.0985,45.8545],[-61.0839,45.8538],[-61.0609,45.8571],[-61.0395,45.8635],[-61.0302,45.8716],[-61.0194,45.8757],[-60.9982,45.8751],[-60.9827,45.8769],[-60.9892,45.8887],[-60.9686,45.8862],[-60.9141,45.8545],[-60.9263,45.8477],[-60.9373,45.8508],[-60.9495,45.8571],[-60.965,45.8607],[-60.9667,45.8565],[-60.9421,45.8353],[-60.9346,45.8266],[-60.953,45.8269],[-60.9608,45.8291],[-60.9687,45.8341],[-60.9819,45.8207],[-60.9949,45.82],[-61.0057,45.8235],[-61.0131,45.8232],[-61.0244,45.8137],[-61.1029,45.7789],[-61.1232,45.7636],[-61.1338,45.7446],[-61.129,45.7468],[-61.1121,45.7515],[-61.1112,45.7446],[-61.1114,45.7355],[-61.1128,45.7276],[-61.1158,45.7242],[-61.1258,45.7219],[-61.1339,45.717],[-61.1397,45.7121],[-61.1476,45.7079],[-61.1429,45.7034],[-61.1334,45.6989],[-61.082,45.6907],[-61.0494,45.6985],[-60.9476,45.7515],[-60.9128,45.7562],[-60.8732,45.7524],[-60.8357,45.7405],[-60.8074,45.7208],[-60.7992,45.7033],[-60.8077,45.6907],[-60.8236,45.6785],[-60.8449,45.6553],[-60.8502,45.6512],[-60.8495,45.6476],[-60.8384,45.6423],[-60.8289,45.6406],[-60.826,45.6442],[-60.8278,45.6502],[-60.8321,45.6553],[-60.8104,45.6627],[-60.8179,45.6689],[-60.784,45.6689],[-60.7773,45.6738],[-60.7657,45.6929],[-60.7595,45.6938],[-60.7439,45.6849],[-60.7325,45.6844],[-60.7301,45.691],[-60.7422,45.7038],[-60.7301,45.7139],[-60.7335,45.7246],[-60.743,45.735],[-60.749,45.7446],[-60.7464,45.7602],[-60.7372,45.7737],[-60.7255,45.7847],[-60.7148,45.7924],[-60.7001,45.7999],[-60.6695,45.8103],[-60.6534,45.8198],[-60.6437,45.8306],[-60.6344,45.8442],[-60.6234,45.8558],[-60.609,45.8607],[-60.5993,45.8662],[-60.569,45.8901],[-60.5411,45.9009],[-60.521,45.9243],[-60.4778,45.9366],[-60.4452,45.9539],[-60.4164,45.9762],[-60.3995,45.998],[-60.4203,45.9931],[-60.4635,45.9774],[-60.4972,45.9566],[-60.564,45.9439],[-60.6214,45.9199],[-60.646,45.9128],[-60.6649,45.8987],[-60.6991,45.8909],[-60.7097,45.8903],[-60.7223,45.8955],[-60.7315,45.9046],[-60.74,45.9227],[-60.749,45.9296],[-60.762,45.931],[-60.7758,45.929],[-60.7867,45.9301],[-60.7912,45.9402],[-60.7816,45.9543],[-60.7148,45.9849],[-60.6844,46.0068],[-60.6658,46.0151],[-60.6426,46.0184],[-60.6225,46.0244],[-60.564,46.0668],[-60.5079,46.0907],[-60.4896,46.1015],[-60.4316,46.1494],[-60.4169,46.1562],[-60.4054,46.1638],[-60.3749,46.197],[-60.3548,46.2046],[-60.3339,46.2051],[-60.3146,46.2088],[-60.301,46.2187],[-60.2971,46.2381],[-60.3179,46.2302],[-60.3385,46.226],[-60.3828,46.2238],[-60.4007,46.2182],[-60.4473,46.1767],[-60.607,46.0765],[-60.6303,46.0681],[-60.6391,46.0668],[-60.6527,46.0722],[-60.6551,46.0817],[-60.6505,46.0907],[-60.6426,46.0947],[-60.6213,46.101],[-60.6014,46.1159],[-60.5714,46.1494],[-60.5026,46.2009],[-60.4945,46.218],[-60.4754,46.2335],[-60.351,46.3121],[-60.2835,46.3275],[-60.2796,46.3173],[-60.2596,46.2791],[-60.2047,46.2418],[-60.212,46.2239],[-60.2903,46.1562],[-60.2782,46.1591],[-60.2685,46.166],[-60.2612,46.1731],[-60.2562,46.1767],[-60.2437,46.1763],[-60.2353,46.1728],[-60.2214,46.1624],[-60.2121,46.1452],[-60.205,46.1423],[-60.1941,46.1562],[-60.192,46.1662],[-60.195,46.1749],[-60.1993,46.1837],[-60.2016,46.1938],[-60.1932,46.2117],[-60.1739,46.2307],[-60.1521,46.2457],[-60.1361,46.2518],[-60.1094,46.2506],[-60.0832,46.2462],[-60.0587,46.2376],[-60.0371,46.2238],[-60.0911,46.2108],[-59.9914,46.2069],[-59.9442,46.1962],[-59.9477,46.1624],[-59.9338,46.1585],[-59.9014,46.1724],[-59.8822,46.1767],[-59.8105,46.1699],[-59.8365,46.1559],[-59.8634,46.1364],[-59.8824,46.1113],[-59.8856,46.0805],[-59.8714,46.0941],[-59.8511,46.1044],[-59.8292,46.1115],[-59.8105,46.1152],[-59.8105,46.1078],[-59.8719,46.0736],[-59.8959,46.0502],[-59.9093,46.042],[-59.9542,46.0358],[-59.9579,46.0275],[-59.9497,46.0156],[-59.9371,46.0017],[-59.9207,45.9946],[-59.8983,45.9969],[-59.8583,46.0054],[-59.8398,46.0051],[-59.8321,46.0031],[-59.8241,45.998],[-59.8303,45.9993],[-59.8319,45.992],[-59.8304,45.978],[-59.8238,45.971],[-59.807,45.9604],[-59.8031,45.9569],[-59.8022,45.9452],[-59.8053,45.9355],[-59.8125,45.9306],[-59.8238,45.9331],[-59.8621,45.9357],[-59.9393,45.9044],[-59.9682,45.9097],[-59.9749,45.9054],[-59.9803,45.9009],[-59.9847,45.8956],[-59.9886,45.8887],[-59.9843,45.8858],[-59.9802,45.8797],[-59.9757,45.8751],[-60.1273,45.8695],[-60.1531,45.8471],[-60.1556,45.838],[-60.1544,45.8371],[-60.1475,45.8381],[-60.1327,45.8341],[-60.1117,45.824],[-60.1012,45.821],[-60.0876,45.8198],[-60.0754,45.8155],[-60.0719,45.8061],[-60.0746,45.7968],[-60.0809,45.7924]]],[[[-62.545,45.8267],[-62.5327,45.8293],[-62.518,45.8276],[-62.5069,45.8281],[-62.5112,45.8233],[-62.5124,45.8144],[-62.5264,45.8096],[-62.5497,45.8035],[-62.5558,45.7992],[-62.5669,45.8022],[-62.578,45.8056],[-62.5945,45.8038],[-62.6031,45.8042],[-62.6032,45.8106],[-62.594,45.8154],[-62.5744,45.824],[-62.5646,45.824],[-62.5542,45.8241],[-62.545,45.8267]]],[[[-59.7081,45.9947],[-59.7141,45.9975],[-59.7259,46.0004],[-59.7604,46.0001],[-59.781,46.0044],[-59.7781,46.0124],[-59.7237,46.0289],[-59.6952,46.034],[-59.6886,46.0303],[-59.7029,46.0229],[-59.706,46.011],[-59.7057,45.9991],[-59.7081,45.9947]]]]}},{"type":"Feature","properties":{"code":"PE","kind":"land"},"geometry":{"type":"MultiPolygon","coordinates":[[[[-62.004,46.4641],[-61.977,46.4547],[-61.9774,46.4482],[-61.9935,46.4403],[-62.0313,46.4149],[-62.1656,46.3584],[-62.2126,46.3476],[-62.2276,46.3459],[-62.2399,46.3511],[-62.2505,46.3601],[-62.2839,46.3821],[-62.2709,46.3542],[-62.2738,46.3449],[-62.2914,46.3411],[-62.3069,46.3446],[-62.3394,46.3594],[-62.3597,46.361],[-62.3597,46.3542],[-62.348,46.3456],[-62.3461,46.3243],[-62.3318,46.3132],[-62.3673,46.3062],[-62.3845,46.3057],[-62.4006,46.3132],[-62.3678,46.2844],[-62.3657,46.2714],[-62.3904,46.2661],[-62.4713,46.2805],[-62.4969,46.2723],[-62.4469,46.2591],[-62.4237,46.2451],[-62.4211,46.2238],[-62.4373,46.2163],[-62.4662,46.2149],[-62.5139,46.2177],[-62.555,46.2342],[-62.5764,46.239],[-62.5856,46.2275],[-62.5433,46.2149],[-62.513,46.2016],[-62.4969,46.1835],[-62.5244,46.1868],[-62.5731,46.2074],[-62.5992,46.2108],[-62.5948,46.2028],[-62.5898,46.1984],[-62.5826,46.1967],[-62.5719,46.1972],[-62.5719,46.1903],[-62.582,46.1907],[-62.5904,46.1896],[-62.6068,46.1835],[-62.587,46.1774],[-62.5467,46.1752],[-62.531,46.1699],[-62.5382,46.1597],[-62.5422,46.1458],[-62.5433,46.1335],[-62.5416,46.1282],[-62.4921,46.1256],[-62.4757,46.1214],[-62.4807,46.1352],[-62.4906,46.1415],[-62.5173,46.1494],[-62.4864,46.1527],[-62.4642,46.1352],[-62.4532,46.1076],[-62.4559,46.0805],[-62.4576,46.0798],[-62.4726,46.0634],[-62.4793,46.06],[-62.4886,46.0591],[-62.5067,46.06],[-62.5275,46.0573],[-62.5546,46.0439],[-62.5719,46.0388],[-62.5719,46.0327],[-62.5543,46.0307],[-62.5105,46.0184],[-62.4963,46.019],[-62.4706,46.0251],[-62.4559,46.0252],[-62.4856,45.9899],[-62.5452,45.9718],[-62.6839,45.9656],[-62.7147,45.9704],[-62.729,45.9706],[-62.7367,45.967],[-62.7451,45.954],[-62.7507,45.9508],[-62.7567,45.9525],[-62.7718,45.9617],[-62.7774,45.9643],[-62.8295,45.9727],[-62.8463,45.978],[-62.8941,46.0054],[-62.88,46.011],[-62.8736,46.0115],[-62.8736,46.0184],[-62.8892,46.0207],[-62.9048,46.0253],[-62.9193,46.0324],[-62.9316,46.0426],[-62.9346,46.053],[-62.9212,46.0552],[-62.8873,46.0532],[-62.909,46.0719],[-62.9967,46.062],[-63.0306,46.0668],[-63.0093,46.0718],[-62.9866,46.0736],[-62.9736,46.0769],[-62.9503,46.0915],[-62.9176,46.1013],[-62.887,46.1296],[-62.8661,46.1357],[-62.8782,46.1556],[-62.8955,46.1575],[-62.9145,46.1476],[-62.9316,46.132],[-62.9479,46.128],[-62.9565,46.1448],[-62.952,46.1664],[-62.9282,46.1767],[-62.9355,46.1872],[-62.9472,46.1934],[-62.976,46.2046],[-62.9897,46.1972],[-62.985,46.1921],[-62.9831,46.1887],[-62.9811,46.1861],[-62.976,46.1835],[-62.9974,46.1793],[-63.0253,46.1861],[-63.0543,46.1969],[-63.1063,46.2101],[-63.1168,46.2158],[-63.1121,46.2242],[-63.0933,46.2381],[-63.0878,46.241],[-63.0777,46.2436],[-63.0729,46.2456],[-63.068,46.2508],[-63.0671,46.2564],[-63.0673,46.2618],[-63.0654,46.2661],[-63.0611,46.2669],[-63.0491,46.265],[-63.0449,46.2661],[-63.0433,46.2706],[-63.0438,46.2763],[-63.0432,46.2819],[-63.0381,46.2866],[-62.9803,46.3055],[-62.963,46.32],[-62.981,46.3194],[-63.0117,46.3085],[-63.0436,46.3016],[-63.0697,46.2833],[-63.0825,46.2791],[-63.0968,46.2726],[-63.1204,46.2443],[-63.1343,46.2381],[-63.1405,46.241],[-63.1616,46.2592],[-63.1957,46.2723],[-63.1737,46.2382],[-63.1747,46.2277],[-63.1991,46.2238],[-63.2076,46.2208],[-63.224,46.2076],[-63.2333,46.2046],[-63.2709,46.2046],[-63.2709,46.1972],[-63.2149,46.1911],[-63.1891,46.1953],[-63.1753,46.2177],[-63.1477,46.2063],[-63.1419,46.1984],[-63.1473,46.1835],[-63.1776,46.1719],[-63.2082,46.1652],[-63.2334,46.1455],[-63.2572,46.1419],[-63.2843,46.147],[-63.3356,46.1657],[-63.3726,46.1719],[-63.3999,46.1813],[-63.412,46.1835],[-63.4184,46.1856],[-63.4228,46.195],[-63.4288,46.1972],[-63.4503,46.196],[-63.4558,46.1972],[-63.4657,46.2046],[-63.4806,46.2199],[-63.4906,46.2238],[-63.4992,46.2225],[-63.5211,46.2131],[-63.535,46.2108],[-63.5453,46.2137],[-63.5564,46.2193],[-63.567,46.2231],[-63.5759,46.2208],[-63.5873,46.2163],[-63.6021,46.2169],[-63.6278,46.2238],[-63.6756,46.2426],[-63.6946,46.2565],[-63.7023,46.2757],[-63.713,46.2898],[-63.7379,46.3024],[-63.7848,46.32],[-63.8,46.3319],[-63.8059,46.3436],[-63.8012,46.3488],[-63.7848,46.3411],[-63.8059,46.3747],[-63.7393,46.3567],[-63.7159,46.3542],[-63.7649,46.3821],[-63.7521,46.3873],[-63.7455,46.3891],[-63.7369,46.389],[-63.7369,46.3964],[-63.7668,46.3994],[-63.8399,46.397],[-63.8714,46.4094],[-63.8805,46.4081],[-63.8873,46.4049],[-63.8884,46.4026],[-63.8953,46.406],[-63.9047,46.4134],[-63.9083,46.4156],[-63.9266,46.4219],[-63.9345,46.423],[-63.9561,46.4094],[-63.9872,46.3996],[-64.0827,46.4094],[-64.1103,46.4081],[-64.1245,46.4097],[-64.1343,46.4156],[-64.1375,46.429],[-64.1335,46.4426],[-64.1249,46.4497],[-64.1144,46.4435],[-64.1107,46.4738],[-64.1146,46.5126],[-64.108,46.5444],[-64.0727,46.5534],[-64.0769,46.5629],[-64.079,46.5665],[-64.0619,46.57],[-64.0638,46.5788],[-64.0733,46.5893],[-64.079,46.5978],[-64.0789,46.6189],[-64.0771,46.6282],[-64.0727,46.6422],[-64.131,46.5991],[-64.1448,46.5978],[-64.1533,46.6041],[-64.1655,46.6096],[-64.1785,46.6135],[-64.1894,46.6149],[-64.1969,46.6178],[-64.2184,46.6314],[-64.2305,46.6353],[-64.3226,46.6353],[-64.3643,46.6269],[-64.383,46.6278],[-64.4024,46.6422],[-64.4168,46.6828],[-64.4015,46.723],[-64.3695,46.7588],[-64.3335,46.7862],[-64.2909,46.8096],[-64.2723,46.825],[-64.2646,46.8445],[-64.2594,46.8664],[-64.2469,46.8863],[-64.2313,46.9033],[-64.1627,46.9562],[-64.0527,47.0215],[-63.9971,47.0673],[-63.9885,47.0543],[-63.9853,47.0472],[-63.9834,47.04],[-63.9959,47.0097],[-63.9978,46.971],[-63.9901,46.9333],[-63.9732,46.906],[-63.9748,46.894],[-64.025,46.8483],[-64.0284,46.8423],[-64.0349,46.8265],[-64.038,46.821],[-64.0423,46.8209],[-64.0489,46.8223],[-64.0555,46.8193],[-64.0597,46.8066],[-64.064,46.8085],[-64.0748,46.8115],[-64.079,46.8135],[-64.079,46.8027],[-64.0814,46.794],[-64.0859,46.7867],[-64.0933,46.78],[-64.0719,46.7578],[-64.0561,46.7488],[-64.0349,46.7452],[-64.0145,46.7482],[-63.9993,46.7531],[-63.9856,46.7541],[-63.9698,46.7452],[-63.9747,46.7386],[-63.9834,46.7173],[-63.9602,46.7077],[-63.939,46.6953],[-63.9195,46.6802],[-63.9015,46.6627],[-63.8866,46.6512],[-63.8814,46.6429],[-63.881,46.6291],[-63.8858,46.6178],[-63.894,46.6154],[-63.9043,46.6198],[-63.9151,46.6291],[-63.9125,46.6166],[-63.9066,46.608],[-63.8974,46.6029],[-63.8847,46.6013],[-63.8712,46.6032],[-63.8671,46.6081],[-63.8656,46.6147],[-63.8605,46.6217],[-63.8629,46.6234],[-63.8612,46.6297],[-63.8548,46.6329],[-63.8434,46.6254],[-63.8369,46.6182],[-63.8336,46.6124],[-63.8362,46.607],[-63.8468,46.6013],[-63.8437,46.5972],[-63.8419,46.5937],[-63.8393,46.5905],[-63.8332,46.5876],[-63.8332,46.5808],[-63.8453,46.5782],[-63.8517,46.5737],[-63.881,46.5224],[-63.8945,46.5167],[-63.9216,46.5112],[-63.942,46.5003],[-63.9356,46.4783],[-63.9198,46.4927],[-63.902,46.4988],[-63.8605,46.5063],[-63.8441,46.5157],[-63.835,46.5197],[-63.8258,46.5193],[-63.8185,46.5124],[-63.813,46.5007],[-63.813,46.4895],[-63.8226,46.4846],[-63.833,46.4819],[-63.8336,46.4757],[-63.8288,46.4678],[-63.8226,46.4606],[-63.8134,46.4559],[-63.7296,46.4433],[-63.7089,46.4442],[-63.6966,46.4572],[-63.7132,46.4776],[-63.7318,46.496],[-63.7342,46.5107],[-63.7023,46.5193],[-63.7023,46.5255],[-63.722,46.5318],[-63.7301,46.5329],[-63.7108,46.5584],[-63.6769,46.5681],[-63.6389,46.567],[-63.5367,46.5447],[-63.521,46.5363],[-63.5173,46.5336],[-63.5133,46.5327],[-63.504,46.5329],[-63.4947,46.5312],[-63.4938,46.5269],[-63.4962,46.5224],[-63.4974,46.5193],[-63.4963,46.5128],[-63.4989,46.5065],[-63.5008,46.4997],[-63.4974,46.492],[-63.4819,46.4926],[-63.4566,46.4674],[-63.4455,46.4675],[-63.4326,46.4837],[-63.4289,46.4975],[-63.4381,46.5058],[-63.4632,46.5063],[-63.4365,46.5125],[-63.399,46.5121],[-63.3609,46.5069],[-63.3323,46.4988],[-63.3178,46.489],[-63.3136,46.4783],[-63.3121,46.466],[-63.3056,46.451],[-63.3022,46.451],[-63.2803,46.4393],[-63.2635,46.426],[-63.2572,46.4231],[-63.2504,46.4299],[-63.245,46.4125],[-63.2381,46.4074],[-63.2287,46.41],[-63.2162,46.4156],[-63.2142,46.4179],[-63.2126,46.4218],[-63.2093,46.4262],[-63.2025,46.4299],[-63.1947,46.4311],[-63.0811,46.4209],[-62.9532,46.4241],[-62.8497,46.4374],[-62.8419,46.4309],[-62.8334,46.4195],[-62.8238,46.4151],[-62.8121,46.4299],[-62.8196,46.4374],[-62.7645,46.449],[-62.5856,46.4299],[-62.5856,46.4374],[-62.6772,46.4477],[-62.7023,46.4572],[-62.6741,46.4644],[-62.6117,46.4676],[-62.5856,46.4783],[-62.5658,46.4709],[-62.5421,46.4717],[-62.5169,46.4758],[-62.3573,46.4793],[-62.2646,46.4738],[-62.1852,46.487],[-62.0991,46.4837],[-62.004,46.4641]]]]}},{"type":"Feature","properties":{"code":"GULF_OF_ST_LAWRENCE","kind":"water"},"geometry":{"type":"MultiPolygon","coordinates":[[[[-61.4483,45.7148],[-61.4552,45.7089],[-61.507,45.6894],[-61.5054,45.6835],[-61.6568,45.6423],[-61.7764,45.6555],[-61.8774,45.7142],[-61.9118,45.7989],[-61.9235,45.8513],[-61.9557,45.8682],[-62.2177,45.7306],[-62.4219,45.6645],[-62.4473,45.6407],[-62.4828,45.6216],[-62.5855,45.6608],[-62.75,45.6481],[-62.7183,45.6862],[-62.7008,45.7407],[-62.9109,45.7761],[-63.1077,45.7825],[-63.2168,45.7582],[-63.293,45.7518],[-63.3157,45.7798],[-63.358,45.8111],[-63.5094,45.8746],[-63.5676,45.8777],[-63.7031,45.8582],[-63.8745,45.9592],[-64.0566,46.0211],[-63.8317,46.1074],[-63.8724,46.146],[-63.9158,46.1656],[-64.1449,46.1931],[-64.2116,46.2201],[-64.5412,46.2402],[-64.5566,46.3117],[-64.6476,46.3561],[-64.6413,46.4254],[-64.6894,46.5122],[-64.7259,46.6715],[-64.817,46.6985],[-64.8826,46.8228],[-64.9059,46.8879],[-64.8656,46.9578],[-64.8313,47.061],[-64.9424,47.0864],[-65.0424,47.089],[-65.1921,47.0493],[-65.2604,47.0694],[-65.3191,47.1012],[-65.0863,47.234],[-64.9122,47.3684],[-64.8524,47.57],[-64.7661,47.6737],[-64.7032,47.725],[-64.8741,47.797],[-65.0466,47.7928],[-65.0016,47.8468],[-65.2281,47.8113],[-65.344,47.7679],[-65.4837,47.687],[-65.607,47.67],[-65.6663,47.696],[-65.7557,47.86],[-65.8494,47.9108],[-66.2102,47.9886],[-66.3595,48.0606],[-66.4288,48.0669],[-66.6315,48.0108],[-66.7045,48.0224],[-66.4489,48.1198],[-66.324,48.0981],[-66.2489,48.1172],[-66.0832,48.1029],[-66.0123,48.1468],[-65.9266,48.1886],[-65.7546,48.1119],[-65.4758,48.0315],[-65.3599,48.0113],[-65.2593,48.0214],[-65.036,48.1061],[-64.9598,48.16],[-64.8222,48.1965],[-64.7646,48.2283],[-64.7058,48.3109],[-64.6333,48.3606],[-64.3487,48.423],[-64.2539,48.5506],[-64.246,48.6913],[-64.4148,48.8035],[-64.5138,48.8411],[-64.3709,48.839],[-64.2089,48.8061],[-64.2164,48.8739],[-64.2619,48.922],[-64.5328,49.0834],[-64.5196,49.1057],[-64.5196,50.3021],[-64.5201,50.3079],[-64.509,50.309],[-64.1703,50.2693],[-64.0158,50.3037],[-63.8539,50.3143],[-63.7338,50.3047],[-63.5867,50.2582],[-63.2385,50.2423],[-63.1358,50.2936],[-62.9495,50.2915],[-62.8305,50.3016],[-62.7156,50.3016],[-62.541,50.2846],[-62.3616,50.2772],[-62.1653,50.2391],[-61.9198,50.2328],[-61.8351,50.1968],[-61.725,50.1042],[-61.2895,50.2021],[-61.1805,50.1915],[-60.9561,50.2053],[-60.8075,50.2497],[-60.608,50.2211],[-60.4381,50.2386],[-60.0804,50.2545],[-59.8862,50.3164],[-59.8153,50.4185],[-59.6121,50.4921],[-59.3782,50.6757],[-59.1655,50.7799],[-59.0549,50.8789],[-58.6373,51.1715],[-58.6146,51.2371],[-58.5934,51.2572],[-58.5104,51.2948],[-58.4421,51.3059],[-58.2706,51.2953],[-58.0897,51.3112],[-58.0224,51.3223],[-57.8536,51.3996],[-57.7695,51.4261],[-57.4616,51.4689],[-57.2991,51.4784],[-57.0953,51.4424],[-57.0319,51.4462],[-57.0313,51.4377],[-56.7604,51.2763],[-56.7514,51.2726],[-56.8054,51.1445],[-56.825,51.1255],[-56.9763,51.0281],[-57.0361,51.0107],[-57.0372,50.9959],[-57.0128,50.9678],[-57.0054,50.9397],[-57.053,50.8572],[-57.1319,50.7873],[-57.2419,50.745],[-57.2747,50.7254],[-57.298,50.6985],[-57.2943,50.6736],[-57.2642,50.6492],[-57.1795,50.6148],[-57.2372,50.6053],[-57.3303,50.6053],[-57.3605,50.5841],[-57.4324,50.5058],[-57.4658,50.4635],[-57.6081,50.1989],[-57.7124,50.0248],[-57.9261,49.701],[-57.9293,49.6682],[-57.8976,49.6004],[-57.7986,49.5083],[-57.7912,49.4898],[-57.8563,49.474],[-57.9611,49.5316],[-58.0156,49.5428],[-58.1077,49.4999],[-58.1828,49.4353],[-58.2135,49.3867],[-58.2188,49.3052],[-58.1907,49.2586],[-58.0971,49.23],[-57.9801,49.2295],[-57.9907,49.2094],[-58.0489,49.1797],[-58.0986,49.0776],[-58.0817,49.0448],[-58.0405,49.0099],[-57.9907,48.9882],[-58.0055,48.9813],[-58.0494,48.9877],[-58.186,49.0617],[-58.3188,49.0813],[-58.3585,49.0967],[-58.4035,49.0845],[-58.4939,49.003],[-58.5458,48.8966],[-58.6416,48.7495],[-58.6871,48.622],[-58.7167,48.5982],[-58.8432,48.6051],[-58.8771,48.6225],[-58.9067,48.6501],[-58.8871,48.6913],[-58.8194,48.7469],[-58.8416,48.7464],[-59.0633,48.6278],[-59.1676,48.5585],[-59.1671,48.522],[-58.9437,48.522],[-58.7225,48.5405],[-58.6061,48.5331],[-58.4924,48.513],[-58.3304,48.522],[-58.3357,48.5135],[-58.5024,48.4421],[-58.6051,48.4114],[-58.7104,48.3251],[-58.9607,48.1595],[-59.2718,47.9955],[-59.3406,47.9336],[-59.3623,47.8891],[-59.3623,47.8658],[-59.3205,47.7367],[-59.2597,47.634],[-59.2194,47.6023],[-59.1168,47.5706],[-58.9411,47.5806],[-58.613,47.6261],[-58.5087,47.6526],[-58.4278,47.6832],[-58.3368,47.7309],[-58.3267,47.7198],[-58.3331,47.6769],[-58.2394,47.669],[-57.9256,47.6748],[-57.8843,47.66],[-57.66,47.6256],[-57.4732,47.6309],[-56.9525,47.5743],[-56.7742,47.5653],[-56.7223,47.5922],[-56.4593,47.6171],[-56.3259,47.6547],[-56.263,47.6584],[-56.2212,47.6716],[-56.1508,47.7743],[-56.1217,47.7891],[-56.0894,47.7716],[-56.0201,47.7637],[-55.9185,47.7917],[-55.8582,47.8193],[-55.8444,47.788],[-55.8672,47.5922],[-56.0836,47.5245],[-56.1275,47.5028],[-56.0815,47.5001],[-55.8619,47.5303],[-55.8116,47.5166],[-55.7745,47.498],[-55.5761,47.4652],[-55.4989,47.4753],[-55.4608,47.4848],[-55.4348,47.5012],[-55.4126,47.5504],[-55.3909,47.643],[-55.366,47.661],[-55.1967,47.6499],[-55.0745,47.6573],[-55.0348,47.634],[-55.0,47.6289],[-55.0,47.5084],[-55.1909,47.4488],[-55.3608,47.2583],[-55.401,47.2213],[-55.4915,47.1605],[-55.61,47.1197],[-55.7719,47.0922],[-55.8386,47.0715],[-55.919,47.017],[-55.9545,46.9731],[-55.9582,46.9562],[-55.9545,46.944],[-55.9772,46.9371],[-56.2328,46.8641],[-56.264,46.845],[-56.2556,46.8609],[-56.29,46.9001],[-56.3148,46.9541],[-56.2783,47.035],[-56.2873,47.071],[-56.3646,47.0991],[-56.3778,47.0895],[-56.3868,47.0679],[-56.3339,46.9356],[-56.3323,46.9159],[-56.3773,46.8477],[-56.3847,46.8196],[-56.354,46.7953],[-56.3021,46.8213],[-56.3715,46.7784],[-59.8777,46.1635],[-59.9613,46.191],[-60.0926,46.2058],[-60.2264,46.1958],[-60.2439,46.2698],[-60.2979,46.3111],[-60.3767,46.2847],[-60.4307,46.2556],[-60.5048,46.2037],[-60.5133,46.1947],[-60.5344,46.2143],[-60.4947,46.2704],[-60.508,46.3032],[-60.4826,46.4132],[-60.3841,46.6133],[-60.3328,46.7371],[-60.3317,46.7678],[-60.4254,46.9234],[-60.4312,46.9631],[-60.4085,47.0033],[-60.4889,47.0096],[-60.5709,46.999],[-60.6164,46.9758],[-60.7598,46.8636],[-60.8699,46.7969],[-60.9318,46.7292],[-60.9826,46.6503],[-61.2403,46.3027],[-61.3022,46.2439],[-61.4086,46.1704],[-61.4806,46.0598],[-61.4954,45.9413],[-61.4499,45.7164],[-61.4483,45.7148]],[[-62.0081,47.2345],[-61.951,47.2192],[-61.8335,47.2223],[-61.7727,47.2599],[-61.8155,47.2673],[-61.8785,47.2657],[-61.9139,47.2843],[-61.8864,47.3446],[-61.8314,47.3922],[-61.751,47.4309],[-61.6843,47.4986],[-61.5822,47.56],[-61.4758,47.5642],[-61.3954,47.6378],[-61.4742,47.6468],[-61.5478,47.6319],[-61.6277,47.5938],[-61.8272,47.4689],[-61.9245,47.425],[-62.0081,47.2345]],[[-62.5527,49.1411],[-62.2193,49.0792],[-61.8012,49.094],[-61.7457,49.1057],[-61.6959,49.139],[-61.7356,49.2036],[-61.8171,49.2835],[-62.0431,49.3898],[-62.133,49.4073],[-62.6336,49.6237],[-62.8585,49.7057],[-63.0887,49.7729],[-63.2919,49.8169],[-63.7602,49.8751],[-64.1317,49.9417],[-64.2439,49.9444],[-64.373,49.9259],[-64.4852,49.8872],[-64.4402,49.828],[-63.8851,49.6576],[-63.7766,49.602],[-63.6761,49.5343],[-63.6258,49.4597],[-63.566,49.3993],[-63.0416,49.2247],[-62.7998,49.1707],[-62.5527,49.1411]],[[-64.111,46.4254],[-64.0195,46.4048],[-63.8607,46.408],[-63.7898,46.4006],[-63.7586,46.3974],[-63.7507,46.3841],[-63.7634,46.3704],[-63.8004,46.3672],[-63.7316,46.2889],[-63.6411,46.2307],[-63.5686,46.209],[-63.2765,46.1534],[-63.2136,46.1598],[-63.1527,46.1883],[-63.2707,46.2],[-63.1945,46.2365],[-63.1173,46.2529],[-63.0569,46.2953],[-62.9786,46.3164],[-62.995,46.2921],[-63.0527,46.2698],[-63.0564,46.2238],[-63.0151,46.1899],[-62.9527,46.1952],[-62.8945,46.1238],[-63.022,46.0666],[-62.9945,46.0582],[-62.9035,46.0682],[-62.8781,46.0016],[-62.8051,45.973],[-62.7431,45.9667],[-62.5315,45.9772],[-62.478,46.0],[-62.5024,46.0227],[-62.5431,46.0286],[-62.5394,46.0979],[-62.5521,46.1661],[-62.5262,46.2027],[-62.3198,46.2783],[-62.1717,46.3556],[-62.0235,46.4217],[-62.0409,46.4455],[-62.0743,46.4656],[-62.1637,46.4873],[-62.423,46.4784],[-62.6818,46.4593],[-62.7119,46.4503],[-62.9638,46.4276],[-63.1294,46.4223],[-63.2861,46.4604],[-63.3686,46.5085],[-63.4131,46.5122],[-63.4565,46.5038],[-63.5343,46.5408],[-63.6814,46.562],[-63.7369,46.4805],[-63.784,46.4545],[-63.811,46.4688],[-63.8338,46.4937],[-63.9057,46.5085],[-63.8756,46.5387],[-63.8639,46.5725],[-63.8793,46.609],[-63.9031,46.6392],[-64.0878,46.7752],[-63.9814,46.9128],[-63.9973,46.9816],[-63.9936,47.0615],[-64.1571,46.9551],[-64.2232,46.9011],[-64.2798,46.8355],[-64.3545,46.7694],[-64.4031,46.6916],[-64.3878,46.6408],[-64.2354,46.6313],[-64.1359,46.5995],[-64.1068,46.562],[-64.111,46.4254]]]]}},{"type":"Feature","properties":{"code":"BAY_OF_FUNDY","kind":"water"},"geometry":{"type":"MultiPolygon","coordinates":[[[[-66.1917,44.1468],[-67.1866,44.6792],[-66.9871,44.8279],[-66.9913,44.8496],[-67.0141,44.8675],[-67.1067,44.885],[-67.1141,44.9443],[-67.0802,44.9893],[-67.1024,45.0877],[-67.1305,45.139],[-67.1247,45.1692],[-67.0839,45.1438],[-66.9765,45.157],[-66.9188,45.1454],[-66.9082,45.0978],[-66.8722,45.0671],[-66.7071,45.0835],[-66.5108,45.1432],[-66.4399,45.0962],[-66.3521,45.1332],[-66.2515,45.1888],[-66.1436,45.2274],[-66.1076,45.257],[-66.1827,45.3353],[-66.0896,45.3756],[-66.0647,45.401],[-66.0266,45.4174],[-66.0668,45.3597],[-66.1097,45.3168],[-65.9557,45.2226],[-65.8843,45.2226],[-65.5451,45.3375],[-65.2821,45.4729],[-65.0572,45.5444],[-64.8979,45.6259],[-64.7783,45.6386],[-64.5936,45.8137],[-64.6418,45.9132],[-64.6328,45.9465],[-64.5365,45.8666],[-64.482,45.8063],[-64.4042,45.8269],[-64.3148,45.8359],[-64.3513,45.783],[-64.3973,45.756],[-64.5603,45.6253],[-64.8275,45.4756],[-64.9127,45.375],[-64.873,45.3544],[-64.8318,45.3502],[-64.7466,45.3242],[-64.681,45.383],[-64.6,45.4099],[-64.3365,45.3893],[-64.0872,45.411],[-63.9062,45.3782],[-63.6147,45.3941],[-63.3681,45.365],[-63.4602,45.3211],[-63.7486,45.311],[-64.0931,45.2173],[-64.1825,45.147],[-64.1354,45.0231],[-64.2349,45.1141],[-64.3545,45.138],[-64.3656,45.1872],[-64.3587,45.2385],[-64.3402,45.2681],[-64.3306,45.3094],[-64.4481,45.3375],[-64.4069,45.3057],[-64.4486,45.256],[-64.7513,45.1803],[-64.9027,45.121],[-65.6567,44.7601],[-65.6922,44.7385],[-65.7282,44.6972],[-65.5869,44.7284],[-65.5022,44.7601],[-65.5202,44.7326],[-65.616,44.6802],[-65.6816,44.6511],[-65.7779,44.6464],[-65.9171,44.6152],[-66.0219,44.5617],[-66.0907,44.5051],[-66.1251,44.4696],[-66.1462,44.4358],[-65.942,44.5755],[-65.8679,44.5686],[-66.0997,44.3675],[-66.1917,44.1468]]]]}},{"type":"Feature","properties":{"code":"GULF_OF_MAINE","kind":"water"},"geometry":{"type":"MultiPolygon","coordinates":[[[[-65.7382,43.5605],[-65.7403,43.5595],[-69.9451,41.6857],[-69.934,41.7106],[-69.9414,41.8079],[-69.9779,41.9614],[-70.1092,42.0783],[-70.1599,42.0974],[-70.2033,42.1011],[-70.2409,42.091],[-70.2399,42.0852],[-70.6145,42.6234],[-70.6129,42.6234],[-70.6039,42.6498],[-70.624,42.6715],[-70.6547,42.6742],[-70.697,42.6646],[-70.7357,42.6694],[-70.7812,42.7213],[-70.8002,42.7742],[-70.8288,42.8255],[-70.7775,42.9404],[-70.733,43.07],[-70.6912,43.1092],[-70.6426,43.1345],[-70.5208,43.3489],[-70.3594,43.4801],[-70.2028,43.6261],[-70.2377,43.6563],[-70.2695,43.6716],[-70.179,43.7664],[-70.0626,43.8346],[-69.9652,43.8553],[-69.9747,43.8182],[-69.9742,43.7881],[-69.9255,43.7971],[-69.8726,43.8193],[-69.8403,43.7897],[-69.8086,43.7722],[-69.7917,43.805],[-69.8033,43.8669],[-69.7953,43.9108],[-69.7721,43.8992],[-69.762,43.8606],[-69.7297,43.8521],[-69.699,43.9553],[-69.653,43.9939],[-69.6366,43.9489],[-69.6239,43.8807],[-69.59,43.8865],[-69.5567,43.9828],[-69.5414,43.9627],[-69.5207,43.8976],[-69.481,43.905],[-69.435,43.9563],[-69.3445,44.0008],[-69.226,43.9865],[-69.1371,44.0378],[-69.0683,44.0976],[-69.0635,44.1722],[-68.9561,44.3479],[-68.9614,44.4336],[-68.8476,44.485],[-68.8,44.5495],[-68.763,44.5707],[-68.7656,44.5098],[-68.7947,44.4543],[-68.7772,44.4458],[-68.736,44.4543],[-68.71,44.4426],[-68.7937,44.3818],[-68.8122,44.3395],[-68.7233,44.3421],[-68.6121,44.3103],[-68.5725,44.2707],[-68.5328,44.2585],[-68.5142,44.304],[-68.5217,44.3802],[-68.4793,44.4458],[-68.4508,44.5077],[-68.4169,44.4691],[-68.374,44.4453],[-68.3169,44.4739],[-68.2772,44.5072],[-68.246,44.5146],[-68.1983,44.5151],[-68.1523,44.5019],[-68.1174,44.4908],[-68.0936,44.4389],[-68.0565,44.3844],[-68.0142,44.4008],[-67.9851,44.4204],[-67.9628,44.4643],[-67.9068,44.4537],[-67.839,44.576],[-67.7904,44.5855],[-67.7268,44.5665],[-67.6528,44.5622],[-67.5993,44.577],[-67.5559,44.6448],[-67.458,44.6564],[-67.3638,44.6967],[-67.1913,44.6755],[-67.1866,44.6792],[-66.1917,44.1468],[-66.1933,44.1437],[-66.1928,44.0796],[-66.1256,43.814],[-66.0377,43.742],[-66.0023,43.778],[-65.9785,43.8151],[-65.8869,43.795],[-65.8351,43.7346],[-65.7382,43.5605]]]]}}]}